dataset,domain,owner,experiment,config_id,A,B,C,weight_mode,weight_power,sampling_ratio,ir_level,classifier,repeat,fold,seed,n_train,n_test,n_test_pos,n_iter,train_pos_ratio_after,rho_eff,threshold,best_params_json,accuracy,balanced_acc,precision_1,recall_1,f1_1,precision_0,recall_0,f1_0,macro_f1,mcc,roc_auc,pr_auc,gmean,ppr_ratio,fit_time_s,smoke,git_commit,package_versions,timestamp
smsspam,text_telecom,member_1,main,c7_ABC_full,1,1,1,orig,1.0,1.0,,LR,0,0,2026,2585,2586,327,0,0.5,6.929447852760736,0.98989898989899,"{""clf__base__C"": 76.41478416943613}",0.9679040989945862,0.931935865102282,0.8652694610778443,0.8837920489296636,0.8744326777609682,0.9831261101243339,0.9800796812749004,0.9816005320328087,0.9280166048968885,0.8560986800552347,0.9698758482888019,0.9285091134781145,0.9306914792928298,1.021406727828746,7.41,False,a4971f8,scikit-learn=1.9.1;imbalanced-learn=0.14.2;xgboost=3.4.1;lightgbm=4.7.0;numpy=2.5.3;pandas=3.0.6,2026-09-25T20:30:17Z
smsspam,text_telecom,member_1,main,c7_ABC_full,1,1,1,orig,1.0,1.0,,LR,0,1,2027,2586,2585,326,0,0.5,6.908256880733945,0.9797979797979799,"{""clf__base__C"": 74.22948824877781}",0.9675048355899419,0.94203553882629,0.8457142857142858,0.9079754601226994,0.8757396449704142,0.9865771812080537,0.9760956175298805,0.9813084112149533,0.9285240280926838,0.8577906586592554,0.9746168699435387,0.939783784718158,0.9414196022233888,1.0736196319018405,6.82,False,a4971f8,scikit-learn=1.9.1;imbalanced-learn=0.14.2;xgboost=3.4.1;lightgbm=4.7.0;numpy=2.5.3;pandas=3.0.6,2026-09-25T20:30:24Z
smsspam,text_telecom,member_1,main,c7_ABC_full,1,1,1,orig,1.0,1.0,,LR,1,0,3026,2585,2586,327,0,0.5,6.929447852760736,0.98989898989899,"{""clf__base__C"": 95.41248660376695}",0.9636504253673627,0.907270002558573,0.8745980707395499,0.8318042813455657,0.8526645768025078,0.9758241758241758,0.9827357237715804,0.9792677547419497,0.9159661657722288,0.8322877753924732,0.9632458951147499,0.9134300177679804,0.9041259770985645,0.9510703363914373,6.47,False,a4971f8,scikit-learn=1.9.1;imbalanced-learn=0.14.2;xgboost=3.4.1;lightgbm=4.7.0;numpy=2.5.3;pandas=3.0.6,2026-09-25T20:30:31Z
smsspam,text_telecom,member_1,main,c7_ABC_full,1,1,1,orig,1.0,1.0,,LR,1,1,3027,2586,2585,326,0,0.5,6.908256880733945,0.9797979797979798,"{""clf__base__C"": 3.995163613091022}",0.9752417794970987,0.9399002490379313,0.909375,0.8926380368098159,0.9009287925696594,0.9845474613686535,0.9871624612660469,0.9858532272325375,0.9433910099010985,0.8868333703426718,0.9751688542354101,0.9432991852522338,0.938711223666187,0.9815950920245399,3.33,False,a4971f8,scikit-learn=1.9.1;imbalanced-learn=0.14.2;xgboost=3.4.1;lightgbm=4.7.0;numpy=2.5.3;pandas=3.0.6,2026-09-25T20:30:34Z
smsspam,text_telecom,member_1,main,c7_ABC_full,1,1,1,orig,1.0,1.0,,LR,2,0,4026,2585,2586,327,0,0.5,6.929447852760736,0.7272727321728512,"{""clf__base__C"": 1.2768503109798595}",0.9783449342614076,0.9470659665111216,0.9221183800623053,0.9051987767584098,0.9135802469135802,0.9863134657836644,0.9889331562638336,0.9876215738284704,0.9506009103710253,0.901253528339957,0.9809853349090895,0.957105267048148,0.9461400971028844,0.981651376146789,3.34,False,a4971f8,scikit-learn=1.9.1;imbalanced-learn=0.14.2;xgboost=3.4.1;lightgbm=4.7.0;numpy=2.5.3;pandas=3.0.6,2026-09-25T20:30:38Z
smsspam,text_telecom,member_1,main,c7_ABC_full,1,1,1,orig,1.0,1.0,,LR,2,1,4027,2586,2585,326,0,0.5,6.908256880733945,0.98989898989899,"{""clf__base__C"": 7.590253919127836}",0.9705996131528046,0.9280573683452964,0.8930817610062893,0.8711656441717791,0.8819875776397516,0.9814733127481253,0.9849490925188137,0.9832081307998233,0.9325978542197875,0.8652857832466003,0.9734287118737049,0.9280354707446263,0.9263119402558523,0.9754601226993864,3.34,False,a4971f8,scikit-learn=1.9.1;imbalanced-learn=0.14.2;xgboost=3.4.1;lightgbm=4.7.0;numpy=2.5.3;pandas=3.0.6,2026-09-25T20:30:41Z
smsspam,text_telecom,member_1,main,c7_ABC_full,1,1,1,orig,1.0,1.0,,LR,3,0,5026,2585,2586,327,0,0.5,6.929447852760736,0.98989898989899,"{""clf__base__C"": 37.78579989508316}",0.97138437741686,0.9300047516356592,0.896551724137931,0.8746177370030581,0.8854489164086687,0.9819144243493604,0.9853917662682603,0.9836500220945648,0.9345494692516167,0.8691888379409988,0.9727315677825564,0.9291144077751825,0.9283539824199561,0.9755351681957186,3.41,False,a4971f8,scikit-learn=1.9.1;imbalanced-learn=0.14.2;xgboost=3.4.1;lightgbm=4.7.0;numpy=2.5.3;pandas=3.0.6,2026-09-25T20:30:45Z
smsspam,text_telecom,member_1,main,c7_ABC_full,1,1,1,orig,1.0,1.0,,LR,3,1,5027,2586,2585,326,0,0.5,6.908256880733945,0.9090909155667523,"{""clf__base__C"": 0.9221983867784479}",0.9783365570599614,0.9429833494922831,0.9299363057324841,0.8957055214723927,0.9125,0.9850286217525319,0.9902611775121736,0.9876379690949227,0.9500689845474614,0.9003490747985209,0.9856429768315966,0.9584770096374159,0.9417974327834022,0.9631901840490796,3.54,False,a4971f8,scikit-learn=1.9.1;imbalanced-learn=0.14.2;xgboost=3.4.1;lightgbm=4.7.0;numpy=2.5.3;pandas=3.0.6,2026-09-25T20:30:48Z
smsspam,text_telecom,member_1,main,c7_ABC_full,1,1,1,orig,1.0,1.0,,LR,4,0,6026,2585,2586,327,0,0.5,6.929447852760736,0.98989898989899,"{""clf__base__C"": 19.046198566714043}",0.9671307037896365,0.9184160402223929,0.8829113924050633,0.8532110091743119,0.8678071539657853,0.9788546255506608,0.9836210712704737,0.9812320600574078,0.9245196070115966,0.8492075421606352,0.97393233724971,0.928589902070127,0.916098426406136,0.9663608562691132,3.64,False,a4971f8,scikit-learn=1.9.1;imbalanced-learn=0.14.2;xgboost=3.4.1;lightgbm=4.7.0;numpy=2.5.3;pandas=3.0.6,2026-09-25T20:30:52Z
smsspam,text_telecom,member_1,main,c7_ABC_full,1,1,1,orig,1.0,1.0,,LR,4,1,6027,2586,2585,326,0,0.5,6.908256880733945,0.8585859403534937,"{""clf__base__C"": 0.564781612548942}",0.9818181818181818,0.951537408647618,0.9428571428571428,0.911042944785276,0.9266770670826833,0.9872246696035242,0.9920318725099602,0.9896224332082137,0.9581497501454486,0.9164788392851954,0.9840746081794159,0.9602399553220482,0.9506753591275655,0.9662576687116564,3.68,False,a4971f8,scikit-learn=1.9.1;imbalanced-learn=0.14.2;xgboost=3.4.1;lightgbm=4.7.0;numpy=2.5.3;pandas=3.0.6,2026-09-25T20:30:56Z
smsspam,text_telecom,member_1,main,c7_ABC_full,1,1,1,orig,1.0,1.0,,LinearSVM,0,0,2026,2585,2586,327,0,0.5,6.929447852760736,0.7510986145541505,"{""clf__base__C"": 41.38475706998503}",0.9574632637277649,0.9168057636934424,0.8126801152737753,0.8623853211009175,0.8367952522255193,0.9799017418490398,0.9712262062859672,0.9755446865273455,0.9061699693764325,0.8128378512934074,0.9631484256653305,0.911747978660671,0.9151891737611135,1.0611620795107033,5.93,False,a4971f8,scikit-learn=1.9.1;imbalanced-learn=0.14.2;xgboost=3.4.1;lightgbm=4.7.0;numpy=2.5.3;pandas=3.0.6,2026-09-25T20:31:02Z
smsspam,text_telecom,member_1,main,c7_ABC_full,1,1,1,orig,1.0,1.0,,LinearSVM,0,1,2027,2586,2585,326,0,0.5,6.908256880733945,1.009148510907984,"{""clf__base__C"": 23.707153252161383}",0.9613152804642167,0.9201204724388065,0.834319526627219,0.8650306748466258,0.8493975903614458,0.9804183355585224,0.9752102700309871,0.9778073679538394,0.9136024791576426,0.8273911476143032,0.9676753110258354,0.9119290234903261,0.9184698133320796,1.03680981595092,5.92,False,a4971f8,scikit-learn=1.9.1;imbalanced-learn=0.14.2;xgboost=3.4.1;lightgbm=4.7.0;numpy=2.5.3;pandas=3.0.6,2026-09-25T20:31:08Z
smsspam,text_telecom,member_1,main,c7_ABC_full,1,1,1,orig,1.0,1.0,,LinearSVM,1,0,3026,2585,2586,327,0,0.5,6.929447852760736,0.5686629753626171,"{""clf__base__C"": 33.63022385860104}",0.9520494972931168,0.8953990358646962,0.8048048048048048,0.8195718654434251,0.8121212121212121,0.9738126941855304,0.9712262062859672,0.9725177304964538,0.8923194713088329,0.784684150990906,0.9576847215284291,0.8876609348172898,0.8921825338199191,1.018348623853211,6.22,False,a4971f8,scikit-learn=1.9.1;imbalanced-learn=0.14.2;xgboost=3.4.1;lightgbm=4.7.0;numpy=2.5.3;pandas=3.0.6,2026-09-25T20:31:14Z
smsspam,text_telecom,member_1,main,c7_ABC_full,1,1,1,orig,1.0,1.0,,LinearSVM,1,1,3027,2586,2585,326,0,0.5,6.908256880733945,0.809243827592546,"{""clf__base__C"": 0.36988440984376825}",0.9702127659574468,0.9343980587533982,0.878419452887538,0.8865030674846626,0.8824427480916031,0.9835992907801419,0.9822930500221337,0.9829457364341085,0.9326942422628558,0.8654007959994989,0.97342192239902,0.9366444251754036,0.933169760554577,1.00920245398773,4.17,False,a4971f8,scikit-learn=1.9.1;imbalanced-learn=0.14.2;xgboost=3.4.1;lightgbm=4.7.0;numpy=2.5.3;pandas=3.0.6,2026-09-25T20:31:19Z
smsspam,text_telecom,member_1,main,c7_ABC_full,1,1,1,orig,1.0,1.0,,LinearSVM,2,0,4026,2585,2586,327,0,0.5,6.929447852760736,0.2976560778646,"{""clf__base__C"": 0.03916461924892729}",0.9806651198762568,0.9510094179855502,0.9341692789968652,0.9113149847094801,0.9226006191950464,0.9872077635641817,0.9907038512616202,0.9889527176314626,0.9557766684132545,0.9116465583883979,0.9806942803031841,0.9572281685389047,0.9501806486474593,0.9755351681957186,3.72,False,a4971f8,scikit-learn=1.9.1;imbalanced-learn=0.14.2;xgboost=3.4.1;lightgbm=4.7.0;numpy=2.5.3;pandas=3.0.6,2026-09-25T20:31:22Z
smsspam,text_telecom,member_1,main,c7_ABC_full,1,1,1,orig,1.0,1.0,,LinearSVM,2,1,4027,2586,2585,326,0,0.5,6.908256880733945,0.8684048718046622,"{""clf__base__C"": 7.590253919127836}",0.9543520309477757,0.9135115977806565,0.7954545454545454,0.8588957055214724,0.8259587020648967,0.9793999104343932,0.9681274900398407,0.9737310774710597,0.8998448897679783,0.8005139650275893,0.9675463110068249,0.908847613366164,0.9118774827752363,1.0797546012269938,6.52,False,a4971f8,scikit-learn=1.9.1;imbalanced-learn=0.14.2;xgboost=3.4.1;lightgbm=4.7.0;numpy=2.5.3;pandas=3.0.6,2026-09-25T20:31:29Z
smsspam,text_telecom,member_1,main,c7_ABC_full,1,1,1,orig,1.0,1.0,,LinearSVM,3,0,5026,2585,2586,327,0,0.5,6.929447852760736,0.7848343313832107,"{""clf__base__C"": 1.015396007422038}",0.9651972157772621,0.9186170709618204,0.8668730650154799,0.8562691131498471,0.8615384615384616,0.9792311091471498,0.9809650287737938,0.9800973020787263,0.9208178818085939,0.8416574732235554,0.9679839933504176,0.9149875302502075,0.9164988026283235,0.9877675840978594,4.77,False,a4971f8,scikit-learn=1.9.1;imbalanced-learn=0.14.2;xgboost=3.4.1;lightgbm=4.7.0;numpy=2.5.3;pandas=3.0.6,2026-09-25T20:31:34Z
smsspam,text_telecom,member_1,main,c7_ABC_full,1,1,1,orig,1.0,1.0,,LinearSVM,3,1,5027,2586,2585,326,0,0.5,6.908256880733945,0.256886217689388,"{""clf__base__C"": 1.9642608121932843}",0.9736943907156673,0.9442645233652982,0.8885542168674698,0.9049079754601227,0.8966565349544073,0.9862405681313804,0.9836210712704737,0.9849290780141844,0.9407928064842959,0.8816351719390088,0.98254426058547,0.949219149069951,0.9434439846770349,1.01840490797546,4.76,False,a4971f8,scikit-learn=1.9.1;imbalanced-learn=0.14.2;xgboost=3.4.1;lightgbm=4.7.0;numpy=2.5.3;pandas=3.0.6,2026-09-25T20:31:39Z
smsspam,text_telecom,member_1,main,c7_ABC_full,1,1,1,orig,1.0,1.0,,LinearSVM,4,0,6026,2585,2586,327,0,0.5,6.929447852760736,0.7243078288730658,"{""clf__base__C"": 11.931263751588402}",0.95707656612529,0.9074304210274092,0.8233532934131736,0.8409785932721713,0.8320726172465961,0.9769094138543517,0.9738822487826472,0.9753934825980936,0.9037330499223448,0.8075287880373581,0.9651912228760797,0.9020709642597278,0.9049939909159449,1.021406727828746,7.37,False,a4971f8,scikit-learn=1.9.1;imbalanced-learn=0.14.2;xgboost=3.4.1;lightgbm=4.7.0;numpy=2.5.3;pandas=3.0.6,2026-09-25T20:31:46Z
smsspam,text_telecom,member_1,main,c7_ABC_full,1,1,1,orig,1.0,1.0,,LinearSVM,4,1,6027,2586,2585,326,0,0.5,6.908256880733945,0.034640349936502446,"{""clf__base__C"": 27.845724467332477}",0.9736943907156673,0.9495141451915583,0.8794117647058823,0.9171779141104295,0.8978978978978979,0.9879732739420936,0.981850376272687,0.9849023090586145,0.9414001034782562,0.8830649400806166,0.9804531023825624,0.9542462062237907,0.94896337130488,1.0429447852760736,4.3,False,a4971f8,scikit-learn=1.9.1;imbalanced-learn=0.14.2;xgboost=3.4.1;lightgbm=4.7.0;numpy=2.5.3;pandas=3.0.6,2026-09-25T20:31:51Z
smsspam,text_telecom,member_1,main,c7_ABC_full,1,1,1,orig,1.0,1.0,,GNB,0,0,2026,2585,2586,327,0,0.5,6.929447852760736,0.98989898989899,"{""clf__base__var_smoothing"": 2.0704932050002478e-10}",0.8491879350348028,0.8561391538839545,0.44992050874403816,0.8654434250764526,0.5920502092050209,0.9775166070516096,0.8468348826914563,0.9074952561669829,0.749772732686002,0.5517736723658712,0.9297184351279897,0.7006400471298472,0.8560885943351365,1.9235474006116209,3.58,False,a4971f8,scikit-learn=1.9.1;imbalanced-learn=0.14.2;xgboost=3.4.1;lightgbm=4.7.0;numpy=2.5.3;pandas=3.0.6,2026-09-25T20:31:54Z
smsspam,text_telecom,member_1,main,c7_ABC_full,1,1,1,orig,1.0,1.0,,GNB,0,1,2027,2586,2585,326,0,0.5,6.908256880733945,0.98989898989899,"{""clf__base__var_smoothing"": 6.447681118224691e-07}",0.8452611218568665,0.8537194100218077,0.44200626959247646,0.8650306748466258,0.5850622406639004,0.9774011299435028,0.8424081451969898,0.9048977650974798,0.7449800028806901,0.544706412524485,0.9271570840020965,0.7578776398481825,0.8536444730308083,1.9570552147239262,3.35,False,a4971f8,scikit-learn=1.9.1;imbalanced-learn=0.14.2;xgboost=3.4.1;lightgbm=4.7.0;numpy=2.5.3;pandas=3.0.6,2026-09-25T20:31:58Z
smsspam,text_telecom,member_1,main,c7_ABC_full,1,1,1,orig,1.0,1.0,,GNB,1,0,3026,2585,2586,327,0,0.5,6.929447852760736,0.98989898989899,"{""clf__base__var_smoothing"": 1.1423037585086882e-10}",0.8066511987625676,0.8030223651774147,0.37553956834532376,0.7981651376146789,0.5107632093933464,0.965097831835008,0.8078795927401505,0.8795180722891566,0.6951406408412515,0.4543583402349507,0.8886621370447534,0.6682313451875063,0.8030076751286584,2.125382262996942,3.61,False,a4971f8,scikit-learn=1.9.1;imbalanced-learn=0.14.2;xgboost=3.4.1;lightgbm=4.7.0;numpy=2.5.3;pandas=3.0.6,2026-09-25T20:32:02Z
smsspam,text_telecom,member_1,main,c7_ABC_full,1,1,1,orig,1.0,1.0,,GNB,1,1,3027,2586,2585,326,0,0.5,6.908256880733945,0.98989898989899,"{""clf__base__var_smoothing"": 1.0770391141421381e-10}",0.858027079303675,0.8531490941482875,0.4654300168634064,0.8466257668711656,0.6006528835690969,0.9748995983935743,0.8596724214254094,0.9136673723829687,0.7571601279760327,0.5576773345845548,0.9242355730452423,0.7291031398454284,0.8531241545327849,1.8190184049079754,3.54,False,a4971f8,scikit-learn=1.9.1;imbalanced-learn=0.14.2;xgboost=3.4.1;lightgbm=4.7.0;numpy=2.5.3;pandas=3.0.6,2026-09-25T20:32:05Z
smsspam,text_telecom,member_1,main,c7_ABC_full,1,1,1,orig,1.0,1.0,,GNB,2,0,4026,2585,2586,327,0,0.5,6.929447852760736,0.98989898989899,"{""clf__base__var_smoothing"": 1.6906858331818736e-10}",0.9017788089713844,0.884933253733283,0.5743380855397149,0.8623853211009175,0.6894865525672371,0.9785202863961814,0.9074811863656486,0.9416628387689481,0.8155746956680926,0.652401060641336,0.95097828191143,0.8582907876890907,0.8846459485562467,1.5015290519877675,3.31,False,a4971f8,scikit-learn=1.9.1;imbalanced-learn=0.14.2;xgboost=3.4.1;lightgbm=4.7.0;numpy=2.5.3;pandas=3.0.6,2026-09-25T20:32:09Z
smsspam,text_telecom,member_1,main,c7_ABC_full,1,1,1,orig,1.0,1.0,,GNB,2,1,4027,2586,2585,326,0,0.5,6.908256880733945,0.98989898989899,"{""clf__base__var_smoothing"": 4.532184338184601e-07}",0.7690522243713733,0.8035540184184868,0.33575757575757575,0.8496932515337423,0.48132059079061684,0.9721590909090909,0.7574147853032315,0.8514555859666584,0.6663880883786376,0.43236406304107294,0.8854126778502893,0.5924669663388605,0.8022282915006389,2.5306748466257667,3.36,False,a4971f8,scikit-learn=1.9.1;imbalanced-learn=0.14.2;xgboost=3.4.1;lightgbm=4.7.0;numpy=2.5.3;pandas=3.0.6,2026-09-25T20:32:12Z
smsspam,text_telecom,member_1,main,c7_ABC_full,1,1,1,orig,1.0,1.0,,GNB,3,0,5026,2585,2586,327,0,0.5,6.929447852760736,1.0,"{""clf__base__var_smoothing"": 4.219710376697767e-10}",0.888631090487239,0.5766333239925111,0.8,0.15902140672782875,0.2653061224489796,0.8909163030543436,0.9942452412571935,0.9397489539748954,0.6025275382119375,0.3254142372536011,0.8634331176821766,0.5607217823271026,0.39762580008994436,0.19877675840978593,3.47,False,a4971f8,scikit-learn=1.9.1;imbalanced-learn=0.14.2;xgboost=3.4.1;lightgbm=4.7.0;numpy=2.5.3;pandas=3.0.6,2026-09-25T20:32:16Z
smsspam,text_telecom,member_1,main,c7_ABC_full,1,1,1,orig,1.0,1.0,,GNB,3,1,5027,2586,2585,326,0,0.5,6.908256880733945,0.98989898989899,"{""clf__base__var_smoothing"": 1.3561385282270276e-09}",0.9237911025145068,0.8986507955906435,0.6482758620689655,0.8650306748466258,0.7411300919842313,0.9795348837209302,0.9322709163346613,0.9553186663642549,0.8482243791742431,0.7074987678992766,0.9574883832088144,0.8717280271096756,0.8980216811953118,1.334355828220859,3.34,False,a4971f8,scikit-learn=1.9.1;imbalanced-learn=0.14.2;xgboost=3.4.1;lightgbm=4.7.0;numpy=2.5.3;pandas=3.0.6,2026-09-25T20:32:19Z
smsspam,text_telecom,member_1,main,c7_ABC_full,1,1,1,orig,1.0,1.0,,GNB,4,0,6026,2585,2586,327,0,0.5,6.929447852760736,1.0,"{""clf__base__var_smoothing"": 1.0710869488932308e-11}",0.888631090487239,0.5792487542185996,0.782608695652174,0.1651376146788991,0.2727272727272727,0.8915375446960667,0.9933598937583001,0.9396984924623115,0.6062128825947921,0.32687994649030006,0.8790681649887031,0.6335443398538784,0.40501985552924474,0.2110091743119266,3.41,False,a4971f8,scikit-learn=1.9.1;imbalanced-learn=0.14.2;xgboost=3.4.1;lightgbm=4.7.0;numpy=2.5.3;pandas=3.0.6,2026-09-25T20:32:23Z
smsspam,text_telecom,member_1,main,c7_ABC_full,1,1,1,orig,1.0,1.0,,GNB,4,1,6027,2586,2585,326,0,0.5,6.908256880733945,0.98989898989899,"{""clf__base__var_smoothing"": 8.787477933639427e-06}",0.9094777562862669,0.9035853857915306,0.5934959349593496,0.8957055214723927,0.7139364303178484,0.9837553750597229,0.9114652501106685,0.9462316176470589,0.8300840239824536,0.6825982605496643,0.9636654472770133,0.8722691049358744,0.9035510263146964,1.50920245398773,3.45,False,a4971f8,scikit-learn=1.9.1;imbalanced-learn=0.14.2;xgboost=3.4.1;lightgbm=4.7.0;numpy=2.5.3;pandas=3.0.6,2026-09-25T20:32:26Z
smsspam,text_telecom,member_1,main,c7_ABC_full,1,1,1,orig,1.0,1.0,,DT,0,0,2026,2585,2586,327,0,0.5,6.929447852760736,1.0,"{""clf__base__criterion"": ""entropy"", ""clf__base__max_depth"": 12, ""clf__base__min_samples_leaf"": 1}",0.9396751740139211,0.8857008256474611,0.7368421052631579,0.8134556574923547,0.7732558139534884,0.9725842696629213,0.9579459938025675,0.9652096342551294,0.869232724104309,0.7397652851345136,0.9118070700548131,0.6549317747472099,0.8827494481622941,1.1039755351681957,5.67,False,a4971f8,scikit-learn=1.9.1;imbalanced-learn=0.14.2;xgboost=3.4.1;lightgbm=4.7.0;numpy=2.5.3;pandas=3.0.6,2026-09-25T20:32:32Z
smsspam,text_telecom,member_1,main,c7_ABC_full,1,1,1,orig,1.0,1.0,,DT,0,1,2027,2586,2585,326,0,0.5,6.908256880733945,0.8787878787878789,"{""clf__base__criterion"": ""entropy"", ""clf__base__max_depth"": 12, ""clf__base__min_samples_leaf"": 2}",0.9326885880077369,0.9142407873618003,0.677570093457944,0.8895705521472392,0.7692307692307693,0.9833101529902643,0.9389110225763613,0.9605978260869565,0.8649142976588629,0.7399507465238025,0.905468107121616,0.5850451948318768,0.9139078710517722,1.3128834355828218,5.84,False,a4971f8,scikit-learn=1.9.1;imbalanced-learn=0.14.2;xgboost=3.4.1;lightgbm=4.7.0;numpy=2.5.3;pandas=3.0.6,2026-09-25T20:32:38Z
smsspam,text_telecom,member_1,main,c7_ABC_full,1,1,1,orig,1.0,1.0,,DT,1,0,3026,2585,2586,327,0,0.5,6.929447852760736,0.9393939393939394,"{""clf__base__criterion"": ""gini"", ""clf__base__max_depth"": null, ""clf__base__min_samples_leaf"": 2}",0.9334880123743233,0.9017751623475517,0.6904176904176904,0.8593272171253823,0.7656675749318801,0.9788893988067922,0.9442231075697212,0.9612438035150969,0.8634556892234885,0.7333634357309256,0.9024939995370203,0.6126969986886119,0.9007755632638847,1.2446483180428134,7.64,False,a4971f8,scikit-learn=1.9.1;imbalanced-learn=0.14.2;xgboost=3.4.1;lightgbm=4.7.0;numpy=2.5.3;pandas=3.0.6,2026-09-25T20:32:46Z
smsspam,text_telecom,member_1,main,c7_ABC_full,1,1,1,orig,1.0,1.0,,DT,1,1,3027,2586,2585,326,0,0.5,6.908256880733945,0.8787878787878789,"{""clf__base__criterion"": ""entropy"", ""clf__base__max_depth"": null, ""clf__base__min_samples_leaf"": 2}",0.9346228239845261,0.9114102553657218,0.6882494004796164,0.8803680981595092,0.7725437415881561,0.9820110701107011,0.9424524125719345,0.9618251637677886,0.8671844526779724,0.7426331952816428,0.9207484988471473,0.6325021971889564,0.9108814621353292,1.2791411042944785,6.54,False,a4971f8,scikit-learn=1.9.1;imbalanced-learn=0.14.2;xgboost=3.4.1;lightgbm=4.7.0;numpy=2.5.3;pandas=3.0.6,2026-09-25T20:32:52Z
smsspam,text_telecom,member_1,main,c7_ABC_full,1,1,1,orig,1.0,1.0,,DT,2,0,4026,2585,2586,327,0,0.5,6.929447852760736,0.010101010101010102,"{""clf__base__criterion"": ""entropy"", ""clf__base__max_depth"": null, ""clf__base__min_samples_leaf"": 1}",0.9358081979891725,0.9004877533698031,0.7027707808564232,0.8532110091743119,0.7707182320441989,0.9780721790772042,0.9477644975652944,0.9626798561151079,0.8666990440796534,0.738470402144142,0.9004877533698031,0.6181732520715215,0.8992458526049867,1.2140672782874617,6.09,False,a4971f8,scikit-learn=1.9.1;imbalanced-learn=0.14.2;xgboost=3.4.1;lightgbm=4.7.0;numpy=2.5.3;pandas=3.0.6,2026-09-25T20:32:59Z
smsspam,text_telecom,member_1,main,c7_ABC_full,1,1,1,orig,1.0,1.0,,DT,2,1,4027,2586,2585,326,0,0.5,6.908256880733945,1.0,"{""clf__base__criterion"": ""entropy"", ""clf__base__max_depth"": 12, ""clf__base__min_samples_leaf"": 1}",0.8994197292069632,0.7062194303902318,0.6460176991150443,0.44785276073619634,0.5289855072463768,0.9236964815599831,0.9645861000442674,0.9436985708098744,0.7363420390281257,0.4847393811607259,0.9054029281646421,0.5942013376623306,0.6572613999563538,0.6932515337423313,5.85,False,a4971f8,scikit-learn=1.9.1;imbalanced-learn=0.14.2;xgboost=3.4.1;lightgbm=4.7.0;numpy=2.5.3;pandas=3.0.6,2026-09-25T20:33:05Z
smsspam,text_telecom,member_1,main,c7_ABC_full,1,1,1,orig,1.0,1.0,,DT,3,0,5026,2585,2586,327,0,0.5,6.929447852760736,0.8484848484848485,"{""clf__base__criterion"": ""entropy"", ""clf__base__max_depth"": null, ""clf__base__min_samples_leaf"": 1}",0.9300077339520495,0.8880136944576434,0.6834170854271356,0.8318042813455657,0.7503448275862069,0.9748628884826326,0.9442231075697212,0.9592984034180346,0.8548216155021208,0.714733019615311,0.8877903269693906,0.5897376257391173,0.8862329397071115,1.2171253822629968,6.17,False,a4971f8,scikit-learn=1.9.1;imbalanced-learn=0.14.2;xgboost=3.4.1;lightgbm=4.7.0;numpy=2.5.3;pandas=3.0.6,2026-09-25T20:33:11Z
smsspam,text_telecom,member_1,main,c7_ABC_full,1,1,1,orig,1.0,1.0,,DT,3,1,5027,2586,2585,326,0,0.5,6.908256880733945,0.010101010101010102,"{""clf__base__criterion"": ""entropy"", ""clf__base__max_depth"": 12, ""clf__base__min_samples_leaf"": 1}",0.9319148936170213,0.9072360863295286,0.6785714285714286,0.8742331288343558,0.7640750670241286,0.9810623556581987,0.9402390438247012,0.9602169981916817,0.8621460326079051,0.7329756895019234,0.9086992181240954,0.620025900997028,0.9066356054860694,1.2883435582822085,5.6,False,a4971f8,scikit-learn=1.9.1;imbalanced-learn=0.14.2;xgboost=3.4.1;lightgbm=4.7.0;numpy=2.5.3;pandas=3.0.6,2026-09-25T20:33:17Z
smsspam,text_telecom,member_1,main,c7_ABC_full,1,1,1,orig,1.0,1.0,,DT,4,0,6026,2585,2586,327,0,0.5,6.929447852760736,0.8787878787878789,"{""clf__base__criterion"": ""entropy"", ""clf__base__max_depth"": 12, ""clf__base__min_samples_leaf"": 2}",0.908739365815932,0.8928404628174357,0.5949895615866388,0.8715596330275229,0.707196029776675,0.9800664451827242,0.9141212926073484,0.9459459459459459,0.8265709878613104,0.672168532207843,0.9241349247928435,0.752322862770469,0.8925868127680946,1.4648318042813455,5.7,False,a4971f8,scikit-learn=1.9.1;imbalanced-learn=0.14.2;xgboost=3.4.1;lightgbm=4.7.0;numpy=2.5.3;pandas=3.0.6,2026-09-25T20:33:22Z
smsspam,text_telecom,member_1,main,c7_ABC_full,1,1,1,orig,1.0,1.0,,DT,4,1,6027,2586,2585,326,0,0.5,6.908256880733945,0.8787878787878789,"{""clf__base__criterion"": ""entropy"", ""clf__base__max_depth"": null, ""clf__base__min_samples_leaf"": 2}",0.9415860735009671,0.8957082372622664,0.7371273712737128,0.8343558282208589,0.7827338129496403,0.9756317689530686,0.9570606463036742,0.9662569832402235,0.8744953980949319,0.7510588032527257,0.8966261742396467,0.6377045452053173,0.8936045703801501,1.1319018404907975,5.7,False,a4971f8,scikit-learn=1.9.1;imbalanced-learn=0.14.2;xgboost=3.4.1;lightgbm=4.7.0;numpy=2.5.3;pandas=3.0.6,2026-09-25T20:33:28Z
smsspam,text_telecom,member_1,main,c7_ABC_full,1,1,1,orig,1.0,1.0,,RF,0,0,2026,2585,2586,327,0,0.5,6.929447852760736,0.8018602693602693,"{""clf__base__max_depth"": null, ""clf__base__max_features"": ""sqrt"", ""clf__base__min_samples_leaf"": 2, ""clf__base__n_estimators"": 400}",0.9551430781129157,0.8618614228102879,0.8892988929889298,0.7370030581039755,0.8060200668896321,0.9628509719222462,0.9867197875166003,0.9746392654132051,0.8903296661514186,0.7853154303391126,0.9716066078871737,0.8948213841600539,0.8527693128223126,0.8287461773700305,62.63,False,a4971f8,scikit-learn=1.9.1;imbalanced-learn=0.14.2;xgboost=3.4.1;lightgbm=4.7.0;numpy=2.5.3;pandas=3.0.6,2026-09-25T20:34:31Z
smsspam,text_telecom,member_1,main,c7_ABC_full,1,1,1,orig,1.0,1.0,,RF,0,1,2027,2586,2585,326,0,0.5,6.908256880733945,0.7228282828282828,"{""clf__base__max_depth"": null, ""clf__base__max_features"": ""sqrt"", ""clf__base__min_samples_leaf"": 2, ""clf__base__n_estimators"": 200}",0.958220502901354,0.9012885065056746,0.840625,0.8251533742331288,0.8328173374613003,0.9748344370860927,0.9774236387782205,0.9761273209549072,0.9044723292081037,0.8089925829378614,0.97071699568461,0.9010359657175377,0.8980670429277936,0.9815950920245399,33.52,False,a4971f8,scikit-learn=1.9.1;imbalanced-learn=0.14.2;xgboost=3.4.1;lightgbm=4.7.0;numpy=2.5.3;pandas=3.0.6,2026-09-25T20:35:05Z
smsspam,text_telecom,member_1,main,c7_ABC_full,1,1,1,orig,1.0,1.0,,RF,1,0,3026,2585,2586,327,0,0.5,6.929447852760736,0.7518939393939393,"{""clf__base__max_depth"": null, ""clf__base__max_features"": ""sqrt"", ""clf__base__min_samples_leaf"": 1, ""clf__base__n_estimators"": 400}",0.9593967517401392,0.8839118551279084,0.8827586206896552,0.7828746177370031,0.8298217179902755,0.9690766550522648,0.9849490925188137,0.9769484083424808,0.9033850631663781,0.8087393411643505,0.9716228527954103,0.8879042570332277,0.878118240498439,0.8868501529051988,68.07,False,a4971f8,scikit-learn=1.9.1;imbalanced-learn=0.14.2;xgboost=3.4.1;lightgbm=4.7.0;numpy=2.5.3;pandas=3.0.6,2026-09-25T20:36:13Z
smsspam,text_telecom,member_1,main,c7_ABC_full,1,1,1,orig,1.0,1.0,,RF,1,1,3027,2586,2585,326,0,0.5,6.908256880733945,0.7277777777777777,"{""clf__base__max_depth"": null, ""clf__base__max_features"": ""sqrt"", ""clf__base__min_samples_leaf"": 1, ""clf__base__n_estimators"": 400}",0.9570599613152805,0.9098113340774597,0.8189910979228486,0.8466257668711656,0.832579185520362,0.9777580071174378,0.9729969012837538,0.9753716441091635,0.9039754148147627,0.8081049605856678,0.9790334232259781,0.9153473916750513,0.9076145920558053,1.0337423312883436,66.79,False,a4971f8,scikit-learn=1.9.1;imbalanced-learn=0.14.2;xgboost=3.4.1;lightgbm=4.7.0;numpy=2.5.3;pandas=3.0.6,2026-09-25T20:37:20Z
smsspam,text_telecom,member_1,main,c7_ABC_full,1,1,1,orig,1.0,1.0,,RF,2,0,4026,2585,2586,327,0,0.5,6.929447852760736,0.6816161616161617,"{""clf__base__max_depth"": null, ""clf__base__max_features"": ""sqrt"", ""clf__base__min_samples_leaf"": 1, ""clf__base__n_estimators"": 200}",0.9617169373549884,0.9113941786371335,0.8518518518518519,0.8440366972477065,0.847926267281106,0.9774535809018567,0.9787516600265604,0.9781021897810219,0.913014228531064,0.8260404679518122,0.9701980389688274,0.9091705330493757,0.9089017100624952,0.9908256880733944,32.59,False,a4971f8,scikit-learn=1.9.1;imbalanced-learn=0.14.2;xgboost=3.4.1;lightgbm=4.7.0;numpy=2.5.3;pandas=3.0.6,2026-09-25T20:37:52Z
smsspam,text_telecom,member_1,main,c7_ABC_full,1,1,1,orig,1.0,1.0,,RF,2,1,4027,2586,2585,326,0,0.5,6.908256880733945,0.8012626262626262,"{""clf__base__max_depth"": null, ""clf__base__max_features"": ""sqrt"", ""clf__base__min_samples_leaf"": 2, ""clf__base__n_estimators"": 200}",0.9508704061895551,0.8787094294940212,0.819935691318328,0.7822085889570553,0.8006279434850864,0.9687774846086191,0.9752102700309871,0.971983234061328,0.8863055887732072,0.7729076489331849,0.9704943009149496,0.8671831214391378,0.8733944408211947,0.9539877300613496,34.19,False,a4971f8,scikit-learn=1.9.1;imbalanced-learn=0.14.2;xgboost=3.4.1;lightgbm=4.7.0;numpy=2.5.3;pandas=3.0.6,2026-09-25T20:38:27Z
smsspam,text_telecom,member_1,main,c7_ABC_full,1,1,1,orig,1.0,1.0,,RF,3,0,5026,2585,2586,327,0,0.5,6.929447852760736,0.8300000000000001,"{""clf__base__max_depth"": null, ""clf__base__max_features"": ""sqrt"", ""clf__base__min_samples_leaf"": 2, ""clf__base__n_estimators"": 200}",0.9551430781129157,0.8527074170189781,0.9105058365758755,0.7155963302752294,0.8013698630136986,0.9600686990124517,0.9898185037627268,0.974716652136007,0.8880432575748528,0.7836556587811453,0.973895109335001,0.8924016400718451,0.8416118398235173,0.7859327217125381,33.45,False,a4971f8,scikit-learn=1.9.1;imbalanced-learn=0.14.2;xgboost=3.4.1;lightgbm=4.7.0;numpy=2.5.3;pandas=3.0.6,2026-09-25T20:39:00Z
smsspam,text_telecom,member_1,main,c7_ABC_full,1,1,1,orig,1.0,1.0,,RF,3,1,5027,2586,2585,326,0,0.5,6.908256880733945,0.7587878787878788,"{""clf__base__max_depth"": null, ""clf__base__max_features"": ""sqrt"", ""clf__base__min_samples_leaf"": 1, ""clf__base__n_estimators"": 200}",0.965183752417795,0.9078973811638246,0.8856209150326797,0.8312883435582822,0.8575949367088608,0.9758666081614743,0.984506418769367,0.9801674746584399,0.9188812056836504,0.8383298928419588,0.974016001433937,0.9252775072336583,0.9046594442558391,0.9386503067484662,31.08,False,a4971f8,scikit-learn=1.9.1;imbalanced-learn=0.14.2;xgboost=3.4.1;lightgbm=4.7.0;numpy=2.5.3;pandas=3.0.6,2026-09-25T20:39:31Z
smsspam,text_telecom,member_1,main,c7_ABC_full,1,1,1,orig,1.0,1.0,,RF,4,0,6026,2585,2586,327,0,0.5,6.929447852760736,0.712929292929293,"{""clf__base__max_depth"": null, ""clf__base__max_features"": ""sqrt"", ""clf__base__min_samples_leaf"": 1, ""clf__base__n_estimators"": 200}",0.9520494972931168,0.91501476256036,0.7796143250688705,0.8654434250764526,0.8202898550724638,0.9802069275753487,0.9645861000442674,0.9723337795626952,0.8963118173175795,0.7941499061946125,0.9797608749507576,0.908295204623853,0.9136710010739361,1.110091743119266,35.39,False,a4971f8,scikit-learn=1.9.1;imbalanced-learn=0.14.2;xgboost=3.4.1;lightgbm=4.7.0;numpy=2.5.3;pandas=3.0.6,2026-09-25T20:40:07Z
smsspam,text_telecom,member_1,main,c7_ABC_full,1,1,1,orig,1.0,1.0,,RF,4,1,6027,2586,2585,326,0,0.5,6.908256880733945,0.7487373737373738,"{""clf__base__max_depth"": null, ""clf__base__max_features"": ""sqrt"", ""clf__base__min_samples_leaf"": 1, ""clf__base__n_estimators"": 200}",0.9632495164410058,0.9002286695073829,0.8837209302325582,0.8159509202453987,0.8484848484848485,0.9737302977232924,0.984506418769367,0.9790887079022672,0.9137867781935578,0.8284643192464498,0.9697060429040484,0.9144246537064511,0.8962750238528165,0.9233128834355827,30.37,False,a4971f8,scikit-learn=1.9.1;imbalanced-learn=0.14.2;xgboost=3.4.1;lightgbm=4.7.0;numpy=2.5.3;pandas=3.0.6,2026-09-25T20:40:37Z
smsspam,text_telecom,member_1,main,c7_ABC_full,1,1,1,orig,1.0,1.0,,XGB,0,0,2026,2585,2586,327,0,0.5,6.929447852760736,0.8888872265815735,"{""clf__base__colsample_bytree"": 0.6915405238317762, ""clf__base__learning_rate"": 0.06508202772664345, ""clf__base__max_depth"": 3, ""clf__base__min_child_weight"": 1, ""clf__base__n_estimators"": 800, ""clf__base__reg_lambda"": 0.6202842877753169, ""clf__base__subsample"": 0.9856183841724449}",0.9783449342614076,0.9457582513980773,0.9247648902821317,0.9021406727828746,0.913312693498452,0.9858844287604764,0.9893758300132802,0.9876270437472382,0.9504698686228451,0.9010321282765481,0.9852117185353049,0.9582277349471653,0.9447519128973996,0.9755351681957186,22.14,False,a4971f8,scikit-learn=1.9.1;imbalanced-learn=0.14.2;xgboost=3.4.1;lightgbm=4.7.0;numpy=2.5.3;pandas=3.0.6,2026-09-25T20:41:00Z
smsspam,text_telecom,member_1,main,c7_ABC_full,1,1,1,orig,1.0,1.0,,XGB,0,1,2027,2586,2585,326,0,0.5,6.908256880733945,0.8787866234779358,"{""clf__base__colsample_bytree"": 0.6485823392783905, ""clf__base__learning_rate"": 0.24180670919193176, ""clf__base__max_depth"": 4, ""clf__base__min_child_weight"": 1, ""clf__base__n_estimators"": 200, ""clf__base__reg_lambda"": 3.234786772648897, ""clf__base__subsample"": 0.8595748506219825}",0.9733075435203095,0.9414183755774448,0.8905775075987842,0.8987730061349694,0.8946564885496183,0.9853723404255319,0.9840637450199203,0.9847176079734219,0.93968704826152,0.8793865577801417,0.981157849854841,0.9554926102646374,0.9404519819427198,1.00920245398773,10.27,False,a4971f8,scikit-learn=1.9.1;imbalanced-learn=0.14.2;xgboost=3.4.1;lightgbm=4.7.0;numpy=2.5.3;pandas=3.0.6,2026-09-25T20:41:10Z
smsspam,text_telecom,member_1,main,c7_ABC_full,1,1,1,orig,1.0,1.0,,XGB,1,0,3026,2585,2586,327,0,0.5,6.929447852760736,0.9191908240318298,"{""clf__base__colsample_bytree"": 0.6427066924659094, ""clf__base__learning_rate"": 0.14362393914105898, ""clf__base__max_depth"": 6, ""clf__base__min_child_weight"": 1, ""clf__base__n_estimators"": 400, ""clf__base__reg_lambda"": 0.614643025252804, ""clf__base__subsample"": 0.9355678497997515}",0.9795050270688321,0.9333451108918048,0.9628378378378378,0.8715596330275229,0.9149277688603531,0.9816593886462882,0.9951305887560867,0.9883490877115849,0.951638428285969,0.9047577082819087,0.9850898817235306,0.9589061406625818,0.9312978313894636,0.9051987767584098,15.47,False,a4971f8,scikit-learn=1.9.1;imbalanced-learn=0.14.2;xgboost=3.4.1;lightgbm=4.7.0;numpy=2.5.3;pandas=3.0.6,2026-09-25T20:41:26Z
smsspam,text_telecom,member_1,main,c7_ABC_full,1,1,1,orig,1.0,1.0,,XGB,1,1,3027,2586,2585,326,0,0.5,6.908256880733945,0.8383846879005432,"{""clf__base__colsample_bytree"": 0.9251416716138967, ""clf__base__learning_rate"": 0.17532114060865536, ""clf__base__max_depth"": 6, ""clf__base__min_child_weight"": 3, ""clf__base__n_estimators"": 800, ""clf__base__reg_lambda"": 0.21699232038618926, ""clf__base__subsample"": 0.826205018639782}",0.9775628626692456,0.9556647303084866,0.8988095238095238,0.9263803680981595,0.9123867069486404,0.9893285904846598,0.9849490925188137,0.9871339840283939,0.9497603454885172,0.8996590624526015,0.9879575087516329,0.9657301225426942,0.9552159456821933,1.030674846625767,17.82,False,a4971f8,scikit-learn=1.9.1;imbalanced-learn=0.14.2;xgboost=3.4.1;lightgbm=4.7.0;numpy=2.5.3;pandas=3.0.6,2026-09-25T20:41:44Z
smsspam,text_telecom,member_1,main,c7_ABC_full,1,1,1,orig,1.0,1.0,,XGB,2,0,4026,2585,2586,327,0,0.5,6.929447852760736,0.8585808277130127,"{""clf__base__colsample_bytree"": 0.6565518320781988, ""clf__base__learning_rate"": 0.15688469024582752, ""clf__base__max_depth"": 6, ""clf__base__min_child_weight"": 3, ""clf__base__n_estimators"": 400, ""clf__base__reg_lambda"": 0.12145822228788311, ""clf__base__subsample"": 0.9124440815566071}",0.977184841453983,0.9398633803217304,0.9267515923566879,0.8899082568807339,0.9079563182527302,0.9841549295774648,0.9898185037627268,0.986978591922313,0.9474674550875215,0.8951809000364863,0.9806536680325927,0.9575082652120039,0.9385348471483541,0.9602446483180428,12.12,False,a4971f8,scikit-learn=1.9.1;imbalanced-learn=0.14.2;xgboost=3.4.1;lightgbm=4.7.0;numpy=2.5.3;pandas=3.0.6,2026-09-25T20:41:56Z
smsspam,text_telecom,member_1,main,c7_ABC_full,1,1,1,orig,1.0,1.0,,XGB,2,1,4027,2586,2585,326,0,0.5,6.908256880733945,0.969695508480072,"{""clf__base__colsample_bytree"": 0.6559882439510808, ""clf__base__learning_rate"": 0.08120637239751023, ""clf__base__max_depth"": 4, ""clf__base__min_child_weight"": 1, ""clf__base__n_estimators"": 800, ""clf__base__reg_lambda"": 0.12873875292508413, ""clf__base__subsample"": 0.9865367520977653}",0.9779497098646035,0.9270131471387796,0.9621993127147767,0.8588957055214724,0.9076175040518638,0.979947689625109,0.9951305887560867,0.9874807819020426,0.9475491429769531,0.8970051912185589,0.9834662712476611,0.953476268161957,0.9245071060384865,0.8926380368098159,22.55,False,a4971f8,scikit-learn=1.9.1;imbalanced-learn=0.14.2;xgboost=3.4.1;lightgbm=4.7.0;numpy=2.5.3;pandas=3.0.6,2026-09-25T20:42:18Z
smsspam,text_telecom,member_1,main,c7_ABC_full,1,1,1,orig,1.0,1.0,,XGB,3,0,5026,2585,2586,327,0,0.5,6.929447852760736,0.8989877700805664,"{""clf__base__colsample_bytree"": 0.966186289625362, ""clf__base__learning_rate"": 0.29511899190869545, ""clf__base__max_depth"": 6, ""clf__base__min_child_weight"": 1, ""clf__base__n_estimators"": 200, ""clf__base__reg_lambda"": 1.784943962718507, ""clf__base__subsample"": 0.76926012218394}",0.9752513534416086,0.9309104052698483,0.9283387622149837,0.8715596330275229,0.8990536277602523,0.9815708644142168,0.9902611775121736,0.9858968708682239,0.9424752493142381,0.8855388483513583,0.9875753526837264,0.95971692684582,0.9290165060287748,0.9388379204892966,11.03,False,a4971f8,scikit-learn=1.9.1;imbalanced-learn=0.14.2;xgboost=3.4.1;lightgbm=4.7.0;numpy=2.5.3;pandas=3.0.6,2026-09-25T20:42:30Z
smsspam,text_telecom,member_1,main,c7_ABC_full,1,1,1,orig,1.0,1.0,,XGB,3,1,5027,2586,2585,326,0,0.5,6.908256880733945,0.7474715709686279,"{""clf__base__colsample_bytree"": 0.7421536036369633, ""clf__base__learning_rate"": 0.0751416998109756, ""clf__base__max_depth"": 4, ""clf__base__min_child_weight"": 3, ""clf__base__n_estimators"": 800, ""clf__base__reg_lambda"": 3.150437514790111, ""clf__base__subsample"": 0.8460954652423377}",0.9709864603481625,0.9374655434159749,0.879154078549849,0.8926380368098159,0.8858447488584474,0.984472049689441,0.9822930500221337,0.9833813427875028,0.9346130458229751,0.8692602297338068,0.9798542707153662,0.9505616027708984,0.9363931544728868,1.0153374233128833,21.55,False,a4971f8,scikit-learn=1.9.1;imbalanced-learn=0.14.2;xgboost=3.4.1;lightgbm=4.7.0;numpy=2.5.3;pandas=3.0.6,2026-09-25T20:42:51Z
smsspam,text_telecom,member_1,main,c7_ABC_full,1,1,1,orig,1.0,1.0,,XGB,4,0,6026,2585,2586,327,0,0.5,6.929447852760736,0.9292893409729004,"{""clf__base__colsample_bytree"": 0.708267051973608, ""clf__base__learning_rate"": 0.28455392508376126, ""clf__base__max_depth"": 6, ""clf__base__min_child_weight"": 3, ""clf__base__n_estimators"": 800, ""clf__base__reg_lambda"": 9.393317723633603, ""clf__base__subsample"": 0.7134007472138406}",0.9818252126836814,0.9464425681575431,0.9545454545454546,0.8990825688073395,0.925984251968504,0.985513608428446,0.9938025675077468,0.9896407317610756,0.9578124918647898,0.9161685241197077,0.9890089658356043,0.9653545025238454,0.9452568779343499,0.9418960244648318,18.83,False,a4971f8,scikit-learn=1.9.1;imbalanced-learn=0.14.2;xgboost=3.4.1;lightgbm=4.7.0;numpy=2.5.3;pandas=3.0.6,2026-09-25T20:43:10Z
smsspam,text_telecom,member_1,main,c7_ABC_full,1,1,1,orig,1.0,1.0,,XGB,4,1,6027,2586,2585,326,0,0.5,6.908256880733945,0.9191893935203552,"{""clf__base__colsample_bytree"": 0.6190681594874319, ""clf__base__learning_rate"": 0.09928260076535725, ""clf__base__max_depth"": 6, ""clf__base__min_child_weight"": 3, ""clf__base__n_estimators"": 800, ""clf__base__reg_lambda"": 0.6054883332831054, ""clf__base__subsample"": 0.9358436846109236}",0.9756286266924564,0.9348719640863947,0.9228295819935691,0.8803680981595092,0.9010989010989011,0.9828496042216359,0.9893758300132802,0.986101919258769,0.9436004101788351,0.8875297026483945,0.9739990277472251,0.94449853231175,0.9332817997977767,0.9539877300613496,18.51,False,a4971f8,scikit-learn=1.9.1;imbalanced-learn=0.14.2;xgboost=3.4.1;lightgbm=4.7.0;numpy=2.5.3;pandas=3.0.6,2026-09-25T20:43:29Z
smsspam,text_telecom,member_1,main,c7_ABC_full,1,1,1,orig,1.0,1.0,,LGBM,0,0,2026,2585,2586,327,0,0.5,6.929447852760736,0.757575757435165,"{""clf__base__colsample_bytree"": 0.7116970263595721, ""clf__base__learning_rate"": 0.18363335049054957, ""clf__base__min_child_samples"": 50, ""clf__base__n_estimators"": 200, ""clf__base__num_leaves"": 63, ""clf__base__subsample"": 0.7134153482599498}",0.9760247486465584,0.9431225150366932,0.9102167182662538,0.8990825688073395,0.9046153846153846,0.9854175872735307,0.9871624612660469,0.9862892525431225,0.9454523185792536,0.890927298968812,0.9866263792942399,0.9575427005526443,0.9420937116366148,0.9877675840978594,10.39,False,a4971f8,scikit-learn=1.9.1;imbalanced-learn=0.14.2;xgboost=3.4.1;lightgbm=4.7.0;numpy=2.5.3;pandas=3.0.6,2026-09-25T20:43:39Z
smsspam,text_telecom,member_1,main,c7_ABC_full,1,1,1,orig,1.0,1.0,,LGBM,0,1,2027,2586,2585,326,0,0.5,6.908256880733945,0.959595959554329,"{""clf__base__colsample_bytree"": 0.643985800858856, ""clf__base__learning_rate"": 0.17514457555926685, ""clf__base__min_child_samples"": 20, ""clf__base__n_estimators"": 400, ""clf__base__num_leaves"": 63, ""clf__base__subsample"": 0.941867378030508}",0.9729206963249516,0.9293853895936364,0.9102564102564102,0.8711656441717791,0.890282131661442,0.98152221733392,0.9876051350154936,0.9845542806707855,0.9374182061661138,0.8751190929686682,0.9810451445750739,0.9545670178018927,0.927560059313212,0.9570552147239264,12.28,False,a4971f8,scikit-learn=1.9.1;imbalanced-learn=0.14.2;xgboost=3.4.1;lightgbm=4.7.0;numpy=2.5.3;pandas=3.0.6,2026-09-25T20:43:52Z
smsspam,text_telecom,member_1,main,c7_ABC_full,1,1,1,orig,1.0,1.0,,LGBM,1,0,3026,2585,2586,327,0,0.5,6.929447852760736,0.9090909090200858,"{""clf__base__colsample_bytree"": 0.7027748678473715, ""clf__base__learning_rate"": 0.03728357208656433, ""clf__base__min_child_samples"": 50, ""clf__base__n_estimators"": 800, ""clf__base__num_leaves"": 31, ""clf__base__subsample"": 0.6750002232167834}",0.979891724671307,0.9401050233317494,0.9508196721311475,0.8868501529051988,0.9177215189873418,0.9837790442788251,0.9933598937583001,0.9885462555066079,0.9531338872469748,0.9069967914953548,0.9886678227626362,0.9637826805659303,0.9385954259793943,0.9327217125382263,28.68,False,a4971f8,scikit-learn=1.9.1;imbalanced-learn=0.14.2;xgboost=3.4.1;lightgbm=4.7.0;numpy=2.5.3;pandas=3.0.6,2026-09-25T20:44:21Z
smsspam,text_telecom,member_1,main,c7_ABC_full,1,1,1,orig,1.0,1.0,,LGBM,1,1,3027,2586,2585,326,0,0.5,6.908256880733945,0.9797979795887723,"{""clf__base__colsample_bytree"": 0.6688154317053273, ""clf__base__learning_rate"": 0.05421934946814349, ""clf__base__min_child_samples"": 50, ""clf__base__n_estimators"": 800, ""clf__base__num_leaves"": 31, ""clf__base__subsample"": 0.6123297026068986}",0.9794970986460348,0.9410225492033231,0.9446254071661238,0.8895705521472392,0.9162717219589257,0.9841966637401229,0.9924745462594068,0.9883182719858937,0.9522949969724097,0.9051314572672663,0.9899848458925037,0.968573630917287,0.9396148839328063,0.941717791411043,21.73,False,a4971f8,scikit-learn=1.9.1;imbalanced-learn=0.14.2;xgboost=3.4.1;lightgbm=4.7.0;numpy=2.5.3;pandas=3.0.6,2026-09-25T20:44:42Z
smsspam,text_telecom,member_1,main,c7_ABC_full,1,1,1,orig,1.0,1.0,,LGBM,2,0,4026,2585,2586,327,0,0.5,6.929447852760736,0.5353535366026546,"{""clf__base__colsample_bytree"": 0.6178819065312425, ""clf__base__learning_rate"": 0.11173367188911429, ""clf__base__min_child_samples"": 20, ""clf__base__n_estimators"": 400, ""clf__base__num_leaves"": 31, ""clf__base__subsample"": 0.8573823919508916}",0.9787316318638825,0.9551335940641106,0.9096385542168675,0.9235474006116208,0.9165402124430956,0.9889086069210293,0.9867197875166003,0.9878129847108353,0.9521765985769655,0.9043881897556982,0.9808499606737846,0.9622705871570368,0.954611174716181,1.0152905198776758,11.9,False,a4971f8,scikit-learn=1.9.1;imbalanced-learn=0.14.2;xgboost=3.4.1;lightgbm=4.7.0;numpy=2.5.3;pandas=3.0.6,2026-09-25T20:44:54Z
smsspam,text_telecom,member_1,main,c7_ABC_full,1,1,1,orig,1.0,1.0,,LGBM,2,1,4027,2586,2585,326,0,0.5,6.908256880733945,0.9696969625568255,"{""clf__base__colsample_bytree"": 0.6282336755145974, ""clf__base__learning_rate"": 0.07673788084430512, ""clf__base__min_child_samples"": 20, ""clf__base__n_estimators"": 400, ""clf__base__num_leaves"": 31, ""clf__base__subsample"": 0.9862646956907799}",0.9764023210831722,0.9287526105530163,0.9431438127090301,0.8650306748466258,0.9024,0.9807524059492564,0.9924745462594068,0.9865786578657866,0.9444893289328933,0.8900819239034131,0.9850468609542743,0.9551400757190062,0.9265640433984439,0.9171779141104295,15.78,False,a4971f8,scikit-learn=1.9.1;imbalanced-learn=0.14.2;xgboost=3.4.1;lightgbm=4.7.0;numpy=2.5.3;pandas=3.0.6,2026-09-25T20:45:10Z
smsspam,text_telecom,member_1,main,c7_ABC_full,1,1,1,orig,1.0,1.0,,LGBM,3,0,5026,2585,2586,327,0,0.5,6.929447852760736,0.9595959593159764,"{""clf__base__colsample_bytree"": 0.6084338613661499, ""clf__base__learning_rate"": 0.21996058318635392, ""clf__base__min_child_samples"": 20, ""clf__base__n_estimators"": 800, ""clf__base__num_leaves"": 63, ""clf__base__subsample"": 0.6588238168459934}",0.9795050270688321,0.9359605411178934,0.9566666666666667,0.8776758409785933,0.9154704944178629,0.9825021872265967,0.9942452412571935,0.9883388338833884,0.9519046641506257,0.9049205067235231,0.9886772989591075,0.9686404145977517,0.9341440083088751,0.9174311926605504,12.02,False,a4971f8,scikit-learn=1.9.1;imbalanced-learn=0.14.2;xgboost=3.4.1;lightgbm=4.7.0;numpy=2.5.3;pandas=3.0.6,2026-09-25T20:45:22Z
smsspam,text_telecom,member_1,main,c7_ABC_full,1,1,1,orig,1.0,1.0,,LGBM,3,1,5027,2586,2585,326,0,0.5,6.908256880733945,0.7171717178951225,"{""clf__base__colsample_bytree"": 0.856148899282335, ""clf__base__learning_rate"": 0.07714205775464517, ""clf__base__min_child_samples"": 50, ""clf__base__n_estimators"": 400, ""clf__base__num_leaves"": 31, ""clf__base__subsample"": 0.6931964441776632}",0.9756286266924564,0.9427463968257848,0.9071207430340558,0.8987730061349694,0.9029275808936826,0.9854111405835544,0.9867197875166003,0.9860650298606503,0.9444963053771664,0.8890053717766024,0.9811714288042106,0.956230579136887,0.9417202926767337,0.9907975460122699,18.68,False,a4971f8,scikit-learn=1.9.1;imbalanced-learn=0.14.2;xgboost=3.4.1;lightgbm=4.7.0;numpy=2.5.3;pandas=3.0.6,2026-09-25T20:45:41Z
smsspam,text_telecom,member_1,main,c7_ABC_full,1,1,1,orig,1.0,1.0,,LGBM,4,0,6026,2585,2586,327,0,0.5,6.929447852760736,0.9696969651783293,"{""clf__base__colsample_bytree"": 0.7859686770381101, ""clf__base__learning_rate"": 0.032514032546149735, ""clf__base__min_child_samples"": 50, ""clf__base__n_estimators"": 800, ""clf__base__num_leaves"": 63, ""clf__base__subsample"": 0.6562441538585484}",0.979891724671307,0.9387973082187051,0.9537953795379538,0.8837920489296636,0.9174603174603174,0.9833552343407796,0.9938025675077468,0.9885512989872303,0.9530058082237738,0.9068838588986965,0.989283775533273,0.967594385314464,0.9371845108457736,0.926605504587156,41.06,False,a4971f8,scikit-learn=1.9.1;imbalanced-learn=0.14.2;xgboost=3.4.1;lightgbm=4.7.0;numpy=2.5.3;pandas=3.0.6,2026-09-25T20:46:22Z
smsspam,text_telecom,member_1,main,c7_ABC_full,1,1,1,orig,1.0,1.0,,LGBM,4,1,6027,2586,2585,326,0,0.5,6.908256880733945,0.7373737389204087,"{""clf__base__colsample_bytree"": 0.8995969972381301, ""clf__base__learning_rate"": 0.07122567440956162, ""clf__base__min_child_samples"": 20, ""clf__base__n_estimators"": 400, ""clf__base__num_leaves"": 63, ""clf__base__subsample"": 0.6140804666526157}",0.9740812379110252,0.9431734547834565,0.8936170212765957,0.901840490797546,0.8977099236641222,0.9858156028368794,0.984506418769367,0.9851605758582502,0.9414352497611862,0.8828829982253024,0.9782288704758336,0.950794518063255,0.9422673462963154,1.00920245398773,29.01,False,a4971f8,scikit-learn=1.9.1;imbalanced-learn=0.14.2;xgboost=3.4.1;lightgbm=4.7.0;numpy=2.5.3;pandas=3.0.6,2026-09-25T20:46:51Z
