dataset,experiment,config_id,rows,expected,complete,git_commits,metric_nans
cicids2017,e2,e2,1300,1560,False,4514c5e,0
cicids2017,e3,c0_none,5,150,False,4514c5e,0
cicids2017,main,c0_none,70,70,True,3fb6ef0,0
cicids2017,main,c1_A_smotetomek,70,70,True,"3fb6ef0,4514c5e",0
cicids2017,main,c2_B_weights,70,70,True,4514c5e,0
cicids2017,main,c3_C_threshold,70,70,True,4514c5e,0
cicids2017,main,c4_AB_smotetomek_weights,70,70,True,4514c5e,0
cicids2017,main,c5_AC_smotetomek_threshold,70,70,True,4514c5e,0
cicids2017,main,c6_BC_weights_threshold,70,70,True,4514c5e,0
cicids2017,main,c7_ABC_full,70,70,True,4514c5e,0
cicids2017,main,c8_A_Brecalc,70,70,True,4514c5e,0
oilspill,e2,e2,1560,1560,True,"04df632,a84542c,c5272b8",0
oilspill,main,c0_none,70,70,True,"04df632,c5272b8",0
oilspill,main,c1_A_smotetomek,70,70,True,"04df632,c5272b8",0
oilspill,main,c2_B_weights,70,70,True,"04df632,c5272b8",0
oilspill,main,c3_C_threshold,70,70,True,"04df632,c5272b8",0
oilspill,main,c4_AB_smotetomek_weights,70,70,True,"04df632,c5272b8",0
oilspill,main,c5_AC_smotetomek_threshold,70,70,True,"04df632,c5272b8",0
oilspill,main,c6_BC_weights_threshold,70,70,True,"04df632,c5272b8",0
oilspill,main,c7_ABC_full,70,70,True,"04df632,c5272b8",0
oilspill,main,c8_A_Brecalc,70,70,True,"04df632,c5272b8",0
smsspam,e2,e2,1560,1560,True,a4971f8,0
smsspam,main,c0_none,70,70,True,"04df632,c5272b8",0
smsspam,main,c1_A_smotetomek,70,70,True,04df632,0
smsspam,main,c2_B_weights,70,70,True,04df632,0
smsspam,main,c3_C_threshold,70,70,True,a4971f8,0
smsspam,main,c4_AB_smotetomek_weights,70,70,True,"04df632,a4971f8",0
smsspam,main,c5_AC_smotetomek_threshold,70,70,True,a4971f8,0
smsspam,main,c6_BC_weights_threshold,70,70,True,a4971f8,0
smsspam,main,c7_ABC_full,70,70,True,a4971f8,0
smsspam,main,c8_A_Brecalc,70,70,True,a4971f8,0
