dataset,sampling_ratio,weight_mode,weight_power,C,log2_rho,macro_f1,macro_f1_sd,precision_1,recall_1,ppr_ratio,n
oilspill,0.0,orig,0.0,0,-4.450232163224543,0.6719697417296454,0.07110487451645922,0.6692793481028775,0.2769047619047619,0.43777777777777777,30
oilspill,0.0,orig,0.0,1,-4.450232163224543,0.7220498985601793,0.06150094801770592,0.5061609364606101,0.46746031746031746,0.9444444444444444,30
oilspill,0.0,orig,0.25,0,-3.3376741224184077,0.7045780836002834,0.06619734279678136,0.628126134742783,0.3581746031746032,0.6003968253968254,30
oilspill,0.0,orig,0.25,1,-3.3376741224184077,0.7362277063516346,0.06440997674609036,0.5239049885770082,0.5001587301587301,0.9617460317460318,30
oilspill,0.0,orig,0.5,0,-2.225116081612272,0.7089918591523154,0.062316562058188425,0.6231806339184636,0.3941269841269841,0.723015873015873,30
oilspill,0.0,orig,0.5,1,-2.225116081612272,0.7359301707846858,0.05892976836915479,0.5068878033205022,0.515,1.0404761904761906,30
oilspill,0.0,orig,0.75,0,-1.1125580408061357,0.702742452793393,0.052828127051451464,0.5640294169049447,0.4136507936507936,0.8505555555555555,30
oilspill,0.0,orig,0.75,1,-1.1125580408061357,0.7392919940775449,0.054965050047337524,0.48789062519062476,0.5488095238095239,1.1536507936507936,30
oilspill,0.0,orig,1.0,0,0.0,0.7092663426956601,0.054041696046135845,0.5365999005113066,0.45880952380952383,1.0326984126984127,30
oilspill,0.0,orig,1.0,1,0.0,0.7403242197816293,0.051999472501918276,0.5054766077747277,0.5405555555555555,1.1211904761904763,30
oilspill,0.0,orig,1.25,0,1.1125580408061355,0.7140546262495593,0.05581607253405193,0.47859539248389615,0.5203968253968253,1.3195238095238093,30
oilspill,0.0,orig,1.25,1,1.1125580408061355,0.7292072331598546,0.06119822226284423,0.4768414345600679,0.5312698412698412,1.1876984126984127,30
oilspill,0.0,orig,1.5,0,2.225116081612271,0.7042564254010464,0.07152376810801689,0.395890122898006,0.5888095238095238,1.764920634920635,30
oilspill,0.0,orig,1.5,1,2.225116081612271,0.7131095469123563,0.059808520180350495,0.4757788108099569,0.49746031746031744,1.2141269841269842,30
oilspill,0.0,orig,2.0,0,4.450232163224543,0.6065219285051756,0.061283245898130764,0.19965370779262626,0.7576190476190476,4.26904761904762,30
oilspill,0.0,orig,2.0,1,4.450232163224543,0.6910635578267482,0.06755272965828618,0.42842780245483153,0.46634920634920635,1.2494444444444446,30
oilspill,0.5,orig,0.0,0,-1.0,0.7332379390689495,0.04761654590479963,0.5360591924192277,0.49007936507936506,0.9883333333333333,30
oilspill,0.5,orig,0.0,1,-1.0,0.7369458095258989,0.0423166411589256,0.482066303640956,0.5483333333333333,1.1911111111111112,30
oilspill,0.5,orig,0.25,0,0.11255804080613574,0.7304667511320841,0.05421967052110235,0.48678406380120226,0.5516666666666666,1.278174603174603,30
oilspill,0.5,orig,0.25,1,0.11255804080613574,0.7313006022437882,0.04411337604282293,0.4819102269947043,0.5336507936507936,1.1875396825396827,30
oilspill,0.5,orig,0.5,0,1.225116081612271,0.7139230806912534,0.0649379283463136,0.41685918811259254,0.616031746031746,1.8146031746031746,30
oilspill,0.5,orig,0.5,1,1.225116081612271,0.728867912431374,0.04699537280513339,0.4828343928036619,0.5241269841269841,1.1824603174603174,30
oilspill,0.5,orig,0.75,0,2.3376741224184068,0.6566724054997702,0.12705028907594587,0.3004085661723499,0.6631746031746032,2.980714285714286,30
oilspill,0.5,orig,0.75,1,2.3376741224184068,0.7159509827684435,0.05412275189064052,0.4718855276792063,0.496031746031746,1.1674603174603175,30
oilspill,0.5,orig,1.0,0,3.4502321632245425,0.6046781873180354,0.11851558766508327,0.21568407591707014,0.7396031746031746,4.295634920634921,30
oilspill,0.5,orig,1.0,1,3.4502321632245425,0.696601139170821,0.05831369945485821,0.4013791981562588,0.5074603174603174,1.415,30
oilspill,0.5,orig,1.25,0,4.562790204030678,0.525186427489674,0.1287320855324868,0.14947676368994714,0.8323809523809523,7.105,30
oilspill,0.5,orig,1.25,1,4.562790204030678,0.688903035624177,0.05551058835381743,0.39352368560275386,0.49293650793650795,1.433174603174603,30
oilspill,0.5,orig,1.5,0,5.675348244836814,0.36306485325406807,0.23475866372337903,0.10569289258835209,0.9134920634920635,12.568095238095237,30
oilspill,0.5,orig,1.5,1,5.675348244836814,0.6159922698561484,0.20164347068431762,0.3594465971902739,0.5299206349206349,3.5675396825396826,30
oilspill,0.5,orig,2.0,0,7.900464326449085,0.16605878346414873,0.1927328610355483,0.06115097879919883,0.9774603174603175,19.0281746031746,30
oilspill,0.5,orig,2.0,1,7.900464326449085,0.4661325856729834,0.2912549246719499,0.23533968635001684,0.653968253968254,8.363412698412699,30
oilspill,0.5,recalc,1.0,0,0.0,0.7307575094608649,0.05315403097731681,0.4883184873731973,0.5453174603174602,1.245952380952381,30
oilspill,0.5,recalc,1.0,1,0.0,0.7370550925872598,0.04505794437292368,0.48554430648614394,0.5485714285714285,1.1998412698412697,30
oilspill,1.0,orig,0.0,0,0.0,0.736964356086985,0.052280786426097604,0.5067986435555055,0.5546825396825397,1.2358730158730158,30
oilspill,1.0,orig,0.0,1,0.0,0.7374673126227921,0.04595400571330563,0.4951108226916461,0.5480952380952381,1.1826190476190477,30
oilspill,1.0,orig,0.25,0,1.1125580408061357,0.7221121548826593,0.06086434696498407,0.4395673077724407,0.610952380952381,1.6431746031746033,30
oilspill,1.0,orig,0.25,1,1.1125580408061357,0.7366033711210022,0.05194047336698016,0.4740139015201239,0.5712698412698413,1.3001587301587303,30
oilspill,1.0,orig,0.5,0,2.225116081612271,0.6773298827218409,0.108231969958599,0.33992865416899243,0.6432539682539683,2.570634920634921,30
oilspill,1.0,orig,0.5,1,2.225116081612271,0.7193885539624437,0.059951427825465135,0.4436847491655084,0.5335714285714286,1.2981746031746033,30
oilspill,1.0,orig,0.75,0,3.3376741224184068,0.6258816874137648,0.12089342430752324,0.24366414099796527,0.7037301587301587,3.6681746031746036,30
oilspill,1.0,orig,0.75,1,3.3376741224184068,0.707077777698807,0.05896921791231272,0.4191572176392652,0.5288888888888889,1.4474603174603176,30
oilspill,1.0,orig,1.0,0,4.450232163224543,0.5640211994022464,0.11877918595597549,0.1747341763492241,0.7897619047619048,5.631111111111111,30
oilspill,1.0,orig,1.0,1,4.450232163224543,0.6921168032174293,0.0639549550787582,0.3802106576104857,0.5238888888888888,1.558174603174603,30
oilspill,1.0,orig,1.25,0,5.562790204030678,0.45551276912509864,0.16999649800797545,0.12349619651171537,0.8823809523809524,9.672539682539682,30
oilspill,1.0,orig,1.25,1,5.562790204030678,0.651867293065008,0.11692193439512906,0.35219253192287225,0.5336507936507936,2.667698412698413,30
oilspill,1.0,orig,1.5,0,6.675348244836814,0.2885437868542412,0.2286816666953005,0.08551410232146951,0.9412698412698413,15.105238095238096,30
oilspill,1.0,orig,1.5,1,6.675348244836814,0.5471519682078173,0.24665103733556984,0.3076826654677859,0.5934126984126984,5.809444444444444,30
oilspill,1.0,orig,2.0,0,8.900464326449086,0.13929935154873496,0.17469450415094548,0.05742425177002843,0.9888095238095238,19.921746031746032,30
oilspill,1.0,orig,2.0,1,8.900464326449086,0.44474085901930366,0.2939203726325587,0.20602473405010366,0.6644444444444445,8.837698412698414,30
oilspill,1.0,recalc,1.0,0,0.0,0.736964356086985,0.052280786426097604,0.5067986435555055,0.5546825396825397,1.2358730158730158,30
oilspill,1.0,recalc,1.0,1,0.0,0.7374673126227921,0.04595400571330563,0.4951108226916461,0.5480952380952381,1.1826190476190477,30
