dataset,C,curvature,peak_log2_rho,peak_rho
aps,0,-0.0034148116314820782,-2.1450666876304765,0.22608439354616824
aps,1,-0.0013615974730536854,-1.5059006957147414,0.3521102925204553
cicids2017,0,-0.0023755589828341663,-2.9207571284870686,0.13205793268351076
cicids2017,1,-0.0010614087691665497,-1.7317161070042457,0.3010935885635586
creditfraud,0,-0.0011187608515631068,-12.827300631630171,0.00013759344564282235
creditfraud,1,-0.0014851369474975743,-1.9867336086001985,0.2523094927163523
oilspill,0,-0.0068064828543090115,-0.9563117555228742,0.5153727791910656
oilspill,1,-0.00336706978658917,-0.6100080245357752,0.6551930576144765
smsspam,0,-0.011604301268265052,-0.8329267617134491,0.5613892091871527
smsspam,1,-0.0005433887532605316,-1.2845025517618018,0.41051232664372916
