dataset,classifier,C,points,slope_precision_1,p_precision_1,slope_recall_1,p_recall_1,slope_ppr_ratio,p_ppr_ratio,slope_macro_f1,p_macro_f1
oilspill,LR,0,210,-0.031084262097726894,3.05150279022242e-44,0.03466519005697889,3.5263289668484377e-19,1.2415852376037058,1.2428717705824257e-22,-0.03950144637846821,2.0514582164794967e-23
oilspill,LR,1,210,-0.015243705985371477,2.0952514597527934e-13,0.006216294006436508,0.10138521517709148,0.07816903209520715,1.1327071360538286e-08,-0.005795993947456978,6.399731021173356e-07
oilspill,RF,0,210,-0.08050018924496484,2.8725805653508447e-74,0.0801305280464672,2.3991390725977894e-51,2.6744496248566856,1.778033787550487e-72,-0.08239578259789497,4.960364101900282e-75
oilspill,RF,1,210,-0.018250695518592968,3.411429430750631e-05,-0.02490759644582816,1.8979700909906915e-10,0.003225515777757221,0.8651731074244496,-0.011706687885329727,3.429336487494081e-15
oilspill,XGB,0,210,-0.06859083812245623,6.454422417893997e-73,0.06063193167525101,4.351153323712174e-40,2.2898788293342354,1.882533874092031e-57,-0.07636212122316892,3.314355012976297e-61
oilspill,XGB,1,210,-0.05730211767993187,1.3081708043712074e-38,0.04304467367906213,5.780117308720843e-14,2.049134211604736,1.3203753389054646e-36,-0.06931612138651552,2.5333424692641502e-42
smsspam,LR,0,200,-0.1613455680207927,4.693634839512877e-66,0.01666666329489175,1.4951079256740067e-56,1.196653535902443,2.0492898126319133e-46,-0.1468922669870606,1.769491439668087e-50
smsspam,LR,1,200,0.003701801146945695,0.00028654253903838964,-0.0035809919753203253,4.850350601092936e-07,-0.007624869268256134,1.9377895332427765e-06,-3.2020658907088324e-05,0.9017085237332035
smsspam,RF,0,200,-0.13121951867421147,1.3396765199268477e-97,0.03022667949420653,1.1108297473323052e-84,0.5411602273431009,1.088328645055757e-44,-0.06752233376641227,8.207289098020056e-51
smsspam,RF,1,200,-0.020266982398358016,4.040394848315259e-27,-0.018964891594066693,9.432224661610707e-25,0.000932166666984291,0.75750407964481,-0.011295881870165734,2.6414738512429895e-51
smsspam,XGB,0,200,-0.03940608249079895,1.7233395105251696e-71,0.008250094919519411,1.7771165746568357e-30,0.07156217623201641,4.346822155268756e-68,-0.011982188213738155,6.67119047545645e-58
smsspam,XGB,1,200,-0.0025391754218606084,0.051521759018154964,-4.846066886697327e-05,0.9611968335560325,0.0025344250222842936,0.24008085896011996,-0.0007000355181914841,0.026773254242948897
