term,effect,ci_low,ci_high,significant,minority_share
A,-0.06141209537192427,-0.06889411079954916,-0.05395005509999521,True,0.01
B,-0.04969361493700608,-0.05859831598133741,-0.039291242137092904,True,0.01
C,0.05915723345267618,0.05499619473919062,0.0629945759340288,True,0.01
AB,-0.04200145991188542,-0.046565709404559424,-0.03653075245504247,True,0.01
AC,0.0285237156079578,0.021324010500122743,0.035759622710291136,True,0.01
BC,0.031063355830771494,0.023659266798571322,0.03814286245843088,True,0.01
ABC,0.028093548126634976,0.02113429891610147,0.03557862185072476,True,0.01
A,-0.027237830258637713,-0.03132630013809281,-0.023214829550752932,True,0.02
B,-0.030719370319703426,-0.037568837035768125,-0.023806464492947797,True,0.02
C,0.03981365620711777,0.03615997158547433,0.04338193415132368,True,0.02
AB,-0.027657093660199084,-0.03227194241221078,-0.022817764073519087,True,0.02
AC,0.021059982611020378,0.014367435824193874,0.026532191447766713,True,0.02
BC,0.01235549058808963,0.0075764632461862175,0.015989391441401372,True,0.02
ABC,0.00580618448432732,-0.00040667189937943697,0.01265558503528374,False,0.02
A,-0.009170216610755205,-0.01213057202219276,-0.006091578573288781,True,0.05
B,-0.011533860240438176,-0.015189866886350835,-0.007582645694926772,True,0.05
C,0.015325443629016056,0.013298740108008068,0.0170233841418882,True,0.05
AB,-0.0069351245100786885,-0.00917022768708125,-0.004356082364812506,True,0.05
AC,0.005766900036185768,0.0042338513248067556,0.007309084071644338,True,0.05
BC,0.005610962960564736,0.0039569406531802,0.007215738355303169,True,0.05
ABC,-0.0008137543838390993,-0.002962513252979649,0.0016144727244141001,False,0.05
A,-0.004940913303239591,-0.00704356719660426,-0.0027940648620067635,True,0.1
B,-0.006794082981290778,-0.008978351364941206,-0.004246242056278092,True,0.1
C,0.008613832341385214,0.006821940621492618,0.010623104393566079,True,0.1
AB,-0.003252165860729739,-0.004064133974151914,-0.0024130101658919527,True,0.1
AC,0.002625449918446432,0.0009402838390299873,0.004382105503993003,True,0.1
BC,0.002902705934907185,0.0015458770585125292,0.0042329787840390334,True,0.1
ABC,-0.0025131873941049987,-0.003667373356921975,-0.0011376760368174176,True,0.1
A,-0.002437418949483239,-0.0034022370646565776,-0.001435836193653343,True,0.15
B,-0.004898617617343781,-0.006581453399174035,-0.0030980755138102297,True,0.15
C,0.0056068505502862576,0.004056850021878377,0.00697250848439896,True,0.15
AB,-0.0006368438084115302,-0.001618024151476278,0.0005618026253202727,False,0.15
AC,0.0022201069353662006,0.0013341053646310067,0.0032187758423105465,True,0.15
BC,0.0011207869043866614,0.0003435291146063245,0.0018052517449254368,True,0.15
ABC,-0.0007440973603678458,-0.0017187952519220895,0.0002399897243786148,False,0.15
