config_id,0.15,0.1,0.05,0.02,0.01
c0_none,0.9704561133735358,0.9610429888623279,0.9325593090997002,0.8839376148384516,0.8433118170485157
c1_A_smotetomek,0.9656913339367301,0.9542156041072666,0.9237435625789989,0.8691030801133202,0.8234710141071538
c2_B_weights,0.9643294552998493,0.9520851784127544,0.9215358560249368,0.8743260320751851,0.8326498543192586
c3_C_threshold,0.9719779727237013,0.9616154779562543,0.9356931353481267,0.8961419823307868,0.8709755271890974
c4_AB_smotetomek_weights,0.959779182966956,0.9437798367244437,0.9004773692517564,0.7925649410610007,0.6726190353008559
c5_AC_smotetomek_threshold,0.9731416018783637,0.9650653678262959,0.9400386976674752,0.9118150438590413,0.8519950592103814
c6_BC_weights_threshold,0.9695810831795236,0.9634894541647055,0.9375191169621709,0.8996290117750447,0.8662531798681135
c7_ABC_full,0.9679828299966273,0.9554086375250778,0.9263669214936837,0.8716002549515559,0.8194568883188962
c8_A_Brecalc,0.9656913339367301,0.9542156041072666,0.9237435625789989,0.8691030801133202,0.8234710141071538
