dataset,classifier,term,effect,ci_low,ci_high,significant
aps,DT,A,-0.01226847817303578,-0.021150246808618968,-0.0023648140839306318,True
aps,DT,B,-0.018140059735738095,-0.025927900724886165,-0.00960288974497535,True
aps,DT,C,0.0022750254103840184,-0.0009694476734049808,0.0057344709587650415,False
aps,DT,AB,0.003889198605263766,-0.0012332226730730103,0.008421070326540181,False
aps,DT,AC,0.00333933296075295,0.0006126473020348445,0.006307514053277446,True
aps,DT,BC,0.0007789350965089203,-0.0015217551694284939,0.0032366789671005878,False
aps,DT,ABC,0.00011332345804077049,-0.0034390262556098492,0.0036095412060755164,False
aps,GNB,A,-0.0020874577022962915,-0.003617742354813755,-0.0008178436412341473,True
aps,GNB,B,-0.0007549870097364464,-0.0011884213078326023,-0.0002952785662162382,True
aps,GNB,C,0.007351204829532526,0.005992852497105639,0.009009667802381287,True
aps,GNB,AB,7.013807949232675e-05,-0.00018599796058438797,0.0003351575179386702,False
aps,GNB,AC,0.0005462307825424284,-0.00037448713132040985,0.0014387938004078752,False
aps,GNB,BC,1.7710027678224938e-05,-0.00018188550313172694,0.0002306940990767797,False
aps,GNB,ABC,-5.515400327449349e-06,-0.00029023681448418423,0.0002139261535571888,False
aps,LGBM,A,-0.0044240437854044246,-0.00883093983708283,-0.0008212174108602553,True
aps,LGBM,B,-0.0009557420982573006,-0.003740041741350617,0.0018405652496144033,False
aps,LGBM,C,0.002114715176452814,0.0008132726908233106,0.0033329122057609685,True
aps,LGBM,AB,-0.007991020637247853,-0.009990343992158323,-0.00581071892055546,True
aps,LGBM,AC,0.0003400336318566677,-0.002011382534803717,0.002394930174994617,False
aps,LGBM,BC,0.00081595778805163,-0.0012924439676629796,0.0029715041068500802,False
aps,LGBM,ABC,0.001398550155585293,-0.0002525072219081638,0.0031397382548992198,False
aps,LR,A,-0.04888117296702901,-0.054696310271093236,-0.042058531664093846,True
aps,LR,B,-0.04791780569933715,-0.05334633402777038,-0.0422894633731296,True
aps,LR,C,0.041999932207987506,0.03773970883134598,0.046311006451984243,True
aps,LR,AB,-0.020167948200238622,-0.028829241468998467,-0.01162418041144351,True
aps,LR,AC,0.024926241604319083,0.021516178997788776,0.02855549490586901,True
aps,LR,BC,0.022796501044207135,0.019135907502191157,0.026680928520172904,True
aps,LR,ABC,0.005410049405713185,0.0005128975158173683,0.010425681634362747,True
aps,LinearSVM,A,-0.06800771600060626,-0.07750002641897419,-0.05694342882034462,True
aps,LinearSVM,B,-0.07366762454683892,-0.09127360285017001,-0.06110142082522337,True
aps,LinearSVM,C,0.045340769959963306,0.029448626105759705,0.060122401391272305,True
aps,LinearSVM,AB,-0.024130293952979026,-0.03724055804745382,-0.008088341101101357,True
aps,LinearSVM,AC,0.037740661647885004,0.03251442313104546,0.0435903671890225,True
aps,LinearSVM,BC,0.027255519539724243,0.014117742421960846,0.03889169252730105,True
aps,LinearSVM,ABC,0.021573453566978873,0.015624309629320488,0.027473424318596507,True
aps,RF,A,-0.06597197530287485,-0.07307069990322647,-0.05872698108327887,True
aps,RF,B,-0.07118367941329445,-0.07542841515608147,-0.06629065231300243,True
aps,RF,C,0.029499072665094495,0.02669261332328224,0.03215086411864186,True
aps,RF,AB,-0.04728056097439043,-0.051135294372197625,-0.04359373715876525,True
aps,RF,AC,0.022525689816442984,0.020281605819237294,0.024842789555844784,True
aps,RF,BC,0.020483855083134772,0.01928663612951076,0.021638573808486192,True
aps,RF,ABC,0.027778942865225364,0.02462403324074357,0.030686777412110604,True
aps,XGB,A,-0.01905454243961366,-0.02344018064182056,-0.014365993346391421,True
aps,XGB,B,-0.005964200106763962,-0.011173993373337316,-0.0009911413509555349,True
aps,XGB,C,0.008681685066997014,0.005282854441473534,0.011983758980093706,True
aps,XGB,AB,-0.013268788506181933,-0.016736398000237195,-0.009926525225980776,True
aps,XGB,AC,0.006538505355715846,0.0035167139123404036,0.0091494723081059,True
aps,XGB,BC,0.006471523571098758,0.0034499995868465987,0.009351779931639667,True
aps,XGB,ABC,0.008851854842225698,0.005845048545699083,0.011621710555730734,True
cicids2017,DT,A,-0.0004825463578339295,-0.0034994033961090036,0.002664819855567683,False
cicids2017,DT,B,0.0019759884997380406,-0.0004385615363023711,0.004345594669171229,False
cicids2017,DT,C,0.0014837968251006084,0.0003762815160855901,0.0027107026546756823,True
cicids2017,DT,AB,-0.0022206850260538813,-0.005024300632938233,0.0003771991129167021,False
cicids2017,DT,AC,0.00036869766429087347,-0.0006488077773646621,0.0013927837457287109,False
cicids2017,DT,BC,0.0016112839653375233,0.0005448858361268821,0.0028085002608429833,True
cicids2017,DT,ABC,0.00024121052405393084,-0.0007645490910237231,0.001232314810660787,False
cicids2017,GNB,A,0.0031247460312068265,0.00022764891670040422,0.006391841275243101,True
cicids2017,GNB,B,-0.0036263048335512527,-0.005431893196779883,-0.002222482181916637,True
cicids2017,GNB,C,0.029198653809174357,0.017765441215107754,0.04482531368271042,True
cicids2017,GNB,AB,-7.10758351792351e-05,-0.0006475695367016664,0.0003953595823361587,False
cicids2017,GNB,AC,-0.0021367694011668603,-0.003699861753584135,-0.0009825082466111685,True
cicids2017,GNB,BC,-0.001646988636937019,-0.003040205357383663,-0.0005700708633870664,True
cicids2017,GNB,ABC,-0.00039381867020155115,-0.0009150560118861694,-2.9158126608072622e-05,True
cicids2017,LGBM,A,8.198675104717501e-05,-0.0008094183863481235,0.00103276049043916,False
cicids2017,LGBM,B,0.0005034307756167644,-0.00025761821803685706,0.0013035776051976173,False
cicids2017,LGBM,C,0.00041853932706448216,9.920319143456244e-05,0.0007418695150149042,True
cicids2017,LGBM,AB,0.00013205613946104533,-0.0006258014328087043,0.0009242782238659458,False
cicids2017,LGBM,AC,-0.0005384251576236454,-0.0008305617756633355,-0.0002445481679643967,True
cicids2017,LGBM,BC,-0.0002487326296208847,-0.0004907937220642221,-8.784112583076158e-06,True
cicids2017,LGBM,ABC,-3.6859357865765e-05,-0.00021771555202534793,0.00011301605293710933,False
cicids2017,LR,A,-0.11334908489909276,-0.1199580926156677,-0.10593423552136787,True
cicids2017,LR,B,-0.11405613420248448,-0.12026892281146559,-0.10740013648333846,True
cicids2017,LR,C,0.12878789716942218,0.12016538018682912,0.137169949307757,True
cicids2017,LR,AB,-0.028006381857642815,-0.037688992880032315,-0.018406349407522858,True
cicids2017,LR,AC,0.03964914134130548,0.034130239280297715,0.04428739590232739,True
cicids2017,LR,BC,0.04099622507078421,0.03511463536429771,0.0466895629911652,True
cicids2017,LR,ABC,-0.03680469693894703,-0.04077128045383987,-0.03359079720543934,True
cicids2017,LinearSVM,A,-0.08086030070752728,-0.08703000513580905,-0.07279095541005755,True
cicids2017,LinearSVM,B,-0.08971602235784895,-0.10159255058030096,-0.08176368999037363,True
cicids2017,LinearSVM,C,-0.14951101979840226,-0.18779275604501963,-0.09677969410822448,True
cicids2017,LinearSVM,AB,0.03161403198035839,0.007027927744657474,0.0628250709419711,True
cicids2017,LinearSVM,AC,0.08590786893271607,0.07687403883261128,0.09680257401536677,True
cicids2017,LinearSVM,BC,0.07647127355343877,0.06529644821482308,0.08537962609130285,True
cicids2017,LinearSVM,ABC,0.02280464304889282,-0.008519691851390327,0.06512876717718848,False
cicids2017,RF,A,-0.007779807793829641,-0.010339071965555712,-0.0054167305666896854,True
cicids2017,RF,B,-0.008834093643869445,-0.011513273766644625,-0.006542663537307475,True
cicids2017,RF,C,0.00885867119269168,0.006646574936548731,0.011036067147725011,True
cicids2017,RF,AB,-0.012411066523873082,-0.014708182203329883,-0.010211196388589179,True
cicids2017,RF,AC,0.008926333585675794,0.007299667568214516,0.010739743415073763,True
cicids2017,RF,BC,0.008327520262926713,0.0065442441714598665,0.010236255423712435,True
cicids2017,RF,ABC,0.009123221050320512,0.007311069649953652,0.011124173687512617,True
cicids2017,XGB,A,-0.0036766360197535153,-0.005125653053500093,-0.0024743828386266553,True
cicids2017,XGB,B,-0.002800032044982581,-0.004407237273899175,-0.0015037529013225879,True
cicids2017,XGB,C,0.0033964801937169664,0.0022301199290695774,0.0046944723034583824,True
cicids2017,XGB,AB,-0.004572689478825526,-0.006004490251398646,-0.0034239077924058166,True
cicids2017,XGB,AC,0.0034000273801217673,0.002375507666988225,0.00456725405428464,True
cicids2017,XGB,BC,0.0034144745818871503,0.002292958524647115,0.004694179858040507,True
cicids2017,XGB,ABC,0.0034767485747825566,0.0025245004082852392,0.004603697592081276,True
creditfraud,DT,A,-0.05674984785752449,-0.08917959323298727,-0.02622658226343927,True
creditfraud,DT,B,-0.03218917266362403,-0.04756515697209786,-0.016768435290377987,True
creditfraud,DT,C,0.011729049163260452,-0.0007653874323580945,0.027890784716015787,False
creditfraud,DT,AB,0.03310073177847808,0.01871444105949329,0.048050528779465855,True
creditfraud,DT,AC,0.010852992089877972,0.001075143365558058,0.02286773897241224,True
creditfraud,DT,BC,-0.0017678214585737373,-0.009224136895810487,0.005498934232544942,False
creditfraud,DT,ABC,-0.007683390917168548,-0.017147763970873794,-0.0006483815449842212,True
creditfraud,GNB,A,0.005478447570055611,0.0038691067002806006,0.007202258512117749,True
creditfraud,GNB,B,-0.010129858781682988,-0.011063632724980895,-0.009197524063222391,True
creditfraud,GNB,C,0.046400470202688726,0.04377087425161768,0.049079989386374506,True
creditfraud,GNB,AB,-0.0020641258341145274,-0.0025282416295637723,-0.0015514091062954032,True
creditfraud,GNB,AC,0.006750001563631203,0.005855060002869223,0.007708668625677006,True
creditfraud,GNB,BC,0.002173754544573525,0.0013956558612419749,0.002887823868601344,True
creditfraud,GNB,ABC,0.0009610648621829476,0.0007436121342552365,0.0012380489914004165,True
creditfraud,LGBM,A,-0.023055262602142107,-0.033523333622480514,-0.013388974268147044,True
creditfraud,LGBM,B,-0.019243576468836038,-0.02902857397338127,-0.009723072767229493,True
creditfraud,LGBM,C,0.009728933378169796,0.006270505209401409,0.013130193000475217,True
creditfraud,LGBM,AB,-0.02605098468804129,-0.03537535454537934,-0.018284190869705747,True
creditfraud,LGBM,AC,0.008287724180691347,0.004692317086279866,0.011500936342042158,True
creditfraud,LGBM,BC,0.007810731523123254,0.0049015542816359045,0.011006131149519777,True
creditfraud,LGBM,ABC,0.011836949937097357,0.007607833212593846,0.015568797949465923,True
creditfraud,LR,A,-0.12750216057774288,-0.1352791014195288,-0.11833986136706902,True
creditfraud,LR,B,-0.10589453088444278,-0.11645248398494082,-0.09578463046902756,True
creditfraud,LR,C,0.23521309985650218,0.221202462657789,0.24932915863335134,True
creditfraud,LR,AB,0.03376650998616776,0.020546960777134263,0.04731027639085933,True
creditfraud,LR,AC,0.07781425113336356,0.06830965988619526,0.08801442487976596,True
creditfraud,LR,BC,0.08137595895536492,0.07223491073999681,0.09008723398866998,True
creditfraud,LR,ABC,-0.0543673973419726,-0.062147492608069024,-0.047179421551024364,True
creditfraud,LinearSVM,A,-0.14824759911134547,-0.1546259751403629,-0.1420833479595379,True
creditfraud,LinearSVM,B,-0.13800342184468015,-0.14674804211906908,-0.12927320416002167,True
creditfraud,LinearSVM,C,0.25189288613611516,0.24134137657475288,0.26293324417033687,True
creditfraud,LinearSVM,AB,0.03221253124420556,0.022128640680036137,0.042494750030083746,True
creditfraud,LinearSVM,AC,0.08095831849347193,0.07300520138919102,0.08946152100705877,True
creditfraud,LinearSVM,BC,0.08069643801056253,0.07049630902653448,0.09150152792299833,True
creditfraud,LinearSVM,ABC,-0.04877139763344007,-0.05786335832392723,-0.040507342541509034,True
creditfraud,RF,A,-0.11366847397714064,-0.12026943258552605,-0.1061507960675099,True
creditfraud,RF,B,-0.10796072286081304,-0.11371377179518855,-0.10071107153354475,True
creditfraud,RF,C,0.07195588372298045,0.06691279062953512,0.07705681009678787,True
creditfraud,RF,AB,-0.11044904017298413,-0.11557219597021166,-0.10426854438348129,True
creditfraud,RF,AC,0.06550945484403511,0.0601980583353509,0.07035046054795933,True
creditfraud,RF,BC,0.06814057785467031,0.0637738031629876,0.0722771620053508,True
creditfraud,RF,ABC,0.07234283578107958,0.06788450890929083,0.076223828247544,True
creditfraud,XGB,A,-0.10354077936611897,-0.11334322381049285,-0.09536265015499978,True
creditfraud,XGB,B,-0.0929278002296168,-0.10029114766340377,-0.08551326285097079,True
creditfraud,XGB,C,0.06245694232763899,0.06017507550256321,0.065208902255283,True
creditfraud,XGB,AB,-0.09352478969540803,-0.10068766493148194,-0.08629176330151454,True
creditfraud,XGB,AC,0.06331822090665801,0.060839049910477914,0.06608081946241805,True
creditfraud,XGB,BC,0.058348879757561256,0.053863621000859827,0.0628443292932111,True
creditfraud,XGB,ABC,0.05951415841032931,0.05639394741960552,0.06234860643456466,True
oilspill,DT,A,-0.015396268906291338,-0.046879884645221144,0.016971347748022364,False
oilspill,DT,B,0.018231522052049615,-0.006432495734397869,0.04213894683862527,False
oilspill,DT,C,-0.0009449161634500769,-0.005819325659456118,0.004462359104851834,False
oilspill,DT,AB,0.0019144717064271954,-0.030512696992101244,0.03299524947991521,False
oilspill,DT,AC,0.000639308576344616,-0.00902872086832317,0.00932698981717536,False
oilspill,DT,BC,0.0035718984380211094,-0.001522210391935848,0.010369015437646354,False
oilspill,DT,ABC,0.003365663546549519,-0.0030943460058416306,0.010996777582464194,False
oilspill,GNB,A,-0.04327207053991261,-0.08848996260644933,-0.004205087454502199,True
oilspill,GNB,B,-0.043882136454690246,-0.06285264955190796,-0.02537898364249498,True
oilspill,GNB,C,0.2740249277665261,0.23039533296861228,0.3135576866090868,True
oilspill,GNB,AB,0.026948950551622136,0.01725462109849818,0.037394354451071025,True
oilspill,GNB,AC,0.013624290371910819,-0.005973729970165478,0.035598413911814,False
oilspill,GNB,BC,0.042388075262538766,0.030376401850546953,0.05425894543570058,True
oilspill,GNB,ABC,-0.012330160144168129,-0.01834685505358263,-0.00681136606186914,True
oilspill,LGBM,A,0.024829403200171712,-0.009184454046833183,0.05621940913454663,False
oilspill,LGBM,B,0.0037186900493867414,-0.008650561644802395,0.01665836115469359,False
oilspill,LGBM,C,0.011408584043915981,0.0007628544773945513,0.020305693628424368,True
oilspill,LGBM,AB,0.006918713117596009,-0.005878782791159807,0.018632628376920615,False
oilspill,LGBM,AC,-0.010054050847030038,-0.021755968373184338,0.0009722531064451984,False
oilspill,LGBM,BC,-0.014009719692696487,-0.028280548679102638,-0.001710503372916465,True
oilspill,LGBM,ABC,0.01199755663549082,0.000903331087740842,0.022735672252608564,True
oilspill,LR,A,-0.01975524788305763,-0.03396315523297156,0.001270124225755988,False
oilspill,LR,B,-0.013306608092492789,-0.031809619349980486,0.008033708038125037,False
oilspill,LR,C,0.023935741860508952,0.014168516823815109,0.03428498017624785,True
oilspill,LR,AB,-0.007533527333141138,-0.018080872536001647,0.0015262440919251803,False
oilspill,LR,AC,0.007197370283321652,-0.0009831103509026925,0.017466868017019726,False
oilspill,LR,BC,0.015017746590222536,0.005065435989642258,0.0250679990907603,True
oilspill,LR,ABC,-0.005171020923548014,-0.011482490652007751,0.0018438019539128805,False
oilspill,LinearSVM,A,-0.03736323061036981,-0.047087466687630794,-0.027060822611554933,True
oilspill,LinearSVM,B,-0.039284667063734846,-0.056596588834066354,-0.02139631466762619,True
oilspill,LinearSVM,C,0.020069192598223207,0.010140968976027922,0.029402272834341218,True
oilspill,LinearSVM,AB,-0.0061091271319143325,-0.03637736357292454,0.016115782935888185,False
oilspill,LinearSVM,AC,0.006333579057420796,-0.006643444792841119,0.01794793108292909,False
oilspill,LinearSVM,BC,0.006147032951921261,-0.0036841320468485234,0.015534905132420333,False
oilspill,LinearSVM,ABC,-0.018986186549062173,-0.03612418512403494,-0.005590648088047165,True
oilspill,RF,A,-0.0005929348637853382,-0.029077081579373516,0.031100547089471683,False
oilspill,RF,B,-0.020232999436816085,-0.038947840629400265,-0.004265223850494292,True
oilspill,RF,C,0.03659579567984747,0.02255619923127395,0.05310248775015427,True
oilspill,RF,AB,-0.06700941066618696,-0.08304200978601078,-0.05199859121149535,True
oilspill,RF,AC,-0.013042969215986938,-0.022334874989068297,-0.002959704046536972,True
oilspill,RF,BC,0.00503181914546727,-0.004183457508029309,0.014765749108020384,False
oilspill,RF,ABC,0.02739697812775896,0.017494403238527585,0.038204662399999194,True
oilspill,XGB,A,0.03429181425514541,0.016417946384469164,0.05217502541424027,True
oilspill,XGB,B,-0.0003629834076361582,-0.010268679745868566,0.008923319787146791,False
oilspill,XGB,C,0.021750563908450177,0.01185834832905702,0.033292317619514164,True
oilspill,XGB,AB,-0.03213147312229797,-0.049700557444792015,-0.014060526255906496,True
oilspill,XGB,AC,-0.01701948975460349,-0.029411638037088687,-0.005127998782617507,True
oilspill,XGB,BC,-0.013642134336394468,-0.024273931678613473,-0.002385119706334105,True
oilspill,XGB,ABC,0.029274754550610488,0.01391826185191434,0.043461211899176636,True
smsspam,DT,A,-0.029956593274273635,-0.043188768066638517,-0.020088037602762582,True
smsspam,DT,B,-0.008605803675044793,-0.014586368722291227,-0.0032064985342800836,True
smsspam,DT,C,0.0017616592708664947,-0.004181559192158314,0.0070571747674452855,False
smsspam,DT,AB,-0.004863053823996127,-0.01027005629328789,0.0013939715289076583,False
smsspam,DT,AC,0.0004017796080638958,-0.005789751364420491,0.005203420934089384,False
smsspam,DT,BC,-0.0008270080482271902,-0.008265381383722485,0.004873165383279743,False
smsspam,DT,ABC,-0.005140737332318568,-0.012332173369769486,0.00011675828981939358,False
smsspam,GNB,A,-0.13528196126755873,-0.17880119273072295,-0.09333956746648026,True
smsspam,GNB,B,-0.015098907782622267,-0.019059592329420675,-0.011299919195451875,True
smsspam,GNB,C,0.04664736622018953,0.03876358695024963,0.05276236032787802,True
smsspam,GNB,AB,-0.02269508782263291,-0.026128269968219577,-0.01975646704230377,True
smsspam,GNB,AC,0.025252300991345622,0.017412925928155926,0.033227326998408906,True
smsspam,GNB,BC,-0.004100478947592162,-0.007940808081383265,-0.0011543993909652415,True
smsspam,GNB,ABC,0.004204322854638953,-0.0005193718489490066,0.008086393784622866,False
smsspam,LGBM,A,-0.0027722329160240478,-0.004403712310522501,-0.0007021410419906506,True
smsspam,LGBM,B,-0.0009167118327219059,-0.004240835239665232,0.002187555822553677,False
smsspam,LGBM,C,0.002688595135841687,0.00111820471053187,0.0044335299077143345,True
smsspam,LGBM,AB,-0.0005947499795383726,-0.0017807439144947757,0.000736276624699374,False
smsspam,LGBM,AC,0.0021399191268448303,0.0004057567149858388,0.0038460641395360027,True
smsspam,LGBM,BC,0.0015019748001829925,0.0006903430850305085,0.0024604019679275784,True
smsspam,LGBM,ABC,0.0017826011113038776,0.0006038732083793283,0.0030142488145109216,True
smsspam,LR,A,-0.015527556623017635,-0.021596139498011854,-0.009498953702056235,True
smsspam,LR,B,-0.01336949185916192,-0.018467309702717937,-0.008269685224659614,True
smsspam,LR,C,0.00814381243765927,0.005796516363288251,0.010401005493900058,True
smsspam,LR,AB,-0.015087044879602968,-0.01951030354283386,-0.011094354329210673,True
smsspam,LR,AC,0.00752072953418062,0.005284077867517458,0.009626305222909543,True
smsspam,LR,BC,0.006339737552839619,0.004638770755058231,0.008211261299325923,True
smsspam,LR,ABC,0.0061660921342183705,0.004041749561233124,0.008108611263477656,True
smsspam,LinearSVM,A,-0.022218803308315438,-0.029648544595526315,-0.014150853706128149,True
smsspam,LinearSVM,B,-0.019695483516009082,-0.024331138266452147,-0.014492321347651826,True
smsspam,LinearSVM,C,0.008873496625449617,0.006682803875303385,0.010925279838184228,True
smsspam,LinearSVM,AB,-0.012841945866133325,-0.01919027636528987,-0.006029923449565974,True
smsspam,LinearSVM,AC,0.0042464418849968155,0.0018902584584286168,0.0064727792880599384,True
smsspam,LinearSVM,BC,0.003100943573763948,0.0008667677375424892,0.005279539383878935,True
smsspam,LinearSVM,ABC,-0.0014943831341838743,-0.004266145087249696,0.0013232592582513066,False
smsspam,RF,A,-0.016381148946435886,-0.021572792265815998,-0.010263043192429577,True
smsspam,RF,B,-0.011971455796473796,-0.01475738145135763,-0.00920225473754843,True
smsspam,RF,C,0.01318785098156644,0.009030364501404459,0.01692974778217868,True
smsspam,RF,AB,-0.03248027592429756,-0.03808663297861145,-0.027750069545857826,True
smsspam,RF,AC,0.005420618861677551,0.002044479800555865,0.00831055439027033,True
smsspam,RF,BC,0.0049917786918698415,0.0021591576653441345,0.007836284981624071,True
smsspam,RF,ABC,0.012985423789638156,0.009508288602979458,0.01599244108343021,True
smsspam,XGB,A,-0.005871654504261831,-0.008097423800885599,-0.0035535115305581353,True
smsspam,XGB,B,-0.004475393258616955,-0.006311883840647318,-0.00244305867696181,True
smsspam,XGB,C,0.007405550619173307,0.005453548803336428,0.009316438642142388,True
smsspam,XGB,AB,-0.0009745684046336134,-0.0023514400828808894,0.00032838029046332226,False
smsspam,XGB,AC,0.0053248003980810865,0.0030699089583802277,0.007568561333194511,True
smsspam,XGB,BC,0.005025422792069356,0.0038773478338681895,0.006194526897748929,True
smsspam,XGB,ABC,0.002646650983598481,0.0013022243370535078,0.004022126951102034,True
aps,ALL,A,-0.031527912338694536,-0.034244665356857176,-0.028772856896084283,True
aps,ALL,B,-0.031226299801423912,-0.034178260037586984,-0.02862078369082249,True
aps,ALL,C,0.019608915045201653,0.0169369406302478,0.02225485028642035,True
aps,ALL,AB,-0.015554182226611701,-0.01924045056327233,-0.011309613455459317,True
aps,ALL,AC,0.013708099399930507,0.012501905519596406,0.015086164834790918,True
aps,ALL,BC,0.011231428878629074,0.009317731638195392,0.013321915269101892,True
aps,ALL,ABC,0.00930295127049166,0.008004911675521219,0.010619218285929736,True
cicids2017,ALL,A,-0.028991663285111796,-0.030754980820460992,-0.027417301731291806,True
cicids2017,ALL,B,-0.030936166829625772,-0.03304538731118569,-0.02898160803983323,True
cicids2017,ALL,C,0.0032332883883954,-0.0032851945702179427,0.012169164925391352,False
cicids2017,ALL,AB,-0.002219401514536229,-0.0059203577366397685,0.0016849032484385256,False
cicids2017,ALL,AC,0.019368124906474132,0.01743455242351228,0.021288951669641315,True
cicids2017,ALL,BC,0.018417865166830943,0.016312086244273695,0.020374749124468544,True
cicids2017,ALL,ABC,-0.00022707882413772196,-0.004881785485788739,0.005909820940311368,False
creditfraud,ALL,A,-0.08104081084599421,-0.0889568963015935,-0.07341358396616242,True
creditfraud,ALL,B,-0.0723355833905279,-0.07764608142533284,-0.0667299608425433,True
creditfraud,ALL,C,0.09848246639819361,0.09371687011371173,0.10305148507484495,True
creditfraud,ALL,AB,-0.01900130962595667,-0.0225755126863327,-0.015424502099071756,True
creditfraud,ALL,AC,0.04478442331596125,0.04128010863830022,0.047981512422856976,True
creditfraud,ALL,BC,0.042396931312468994,0.03948094874896119,0.04515945781531981,True
creditfraud,ALL,ABC,0.0048332604425869174,0.0017276612168210948,0.0073959327675527054,True
oilspill,ALL,A,-0.008179790764014344,-0.019987961019753368,0.003396456495905668,False
oilspill,ALL,B,-0.013588454621990431,-0.020916151379036248,-0.007453633778346425,True
oilspill,ALL,C,0.05526284138486037,0.04767501660196918,0.06295964022786257,True
oilspill,ALL,AB,-0.01100020041112812,-0.01992777824428623,-0.004213482970637614,True
oilspill,ALL,AC,-0.0017602802183745159,-0.006984585877882736,0.0034059877658769535,False
oilspill,ALL,BC,0.0063578169084400615,0.0018655613892967799,0.011120685676170309,True
oilspill,ALL,ABC,0.0050782264633759955,0.00033660786429756743,0.008691026427194092,True
smsspam,ALL,A,-0.03257285011998404,-0.04260359991347541,-0.0226305541839857,True
smsspam,ALL,B,-0.010590463960093222,-0.0129646117099137,-0.008188604843606468,True
smsspam,ALL,C,0.012672618755821097,0.010757358620148906,0.014648483902200467,True
smsspam,ALL,AB,-0.012790960957262149,-0.015386655877255672,-0.010278966773339915,True
smsspam,ALL,AC,0.007186655772170064,0.005754178395934623,0.008497983435259038,True
smsspam,ALL,BC,0.0022903386307008278,0.0005909141897284545,0.003834585146901157,True
smsspam,ALL,ABC,0.0030214243438422828,0.001678406573699698,0.004437499477213047,True
