dataset,config_id,classifier,mean,std
oilspill,c0_none,DT,0.6698612526344305,0.08707093486220302
oilspill,c0_none,GNB,0.34390925215688795,0.15930311284430615
oilspill,c0_none,LGBM,0.7026125380219155,0.05293251196736372
oilspill,c0_none,LR,0.7306820537345968,0.06587171898614674
oilspill,c0_none,LinearSVM,0.7597239709003667,0.035152661311286304
oilspill,c0_none,RF,0.6272587603189252,0.058522415319604115
oilspill,c0_none,XGB,0.6579684111354143,0.047519746919821707
oilspill,c1_A_smotetomek,DT,0.6552768669919169,0.06030169110741352
oilspill,c1_A_smotetomek,GNB,0.2477337805492743,0.05876197352135409
oilspill,c1_A_smotetomek,LGBM,0.742574835587012,0.06248610031048543
oilspill,c1_A_smotetomek,LR,0.7060919419778108,0.03598690856256212
oilspill,c1_A_smotetomek,LinearSVM,0.7031501018154283,0.030002028546762816
oilspill,c1_A_smotetomek,RF,0.7341151834650728,0.04185291187499368
oilspill,c1_A_smotetomek,XGB,0.7706859428180715,0.058557599730379495
oilspill,c2_B_weights,DT,0.6859720680885812,0.041951332135692854
oilspill,c2_B_weights,GNB,0.2183599297438686,0.11703436870578204
oilspill,c2_B_weights,LGBM,0.7254197912818936,0.05905004116733753
oilspill,c2_B_weights,LR,0.7047202054614747,0.04556448439073092
oilspill,c2_B_weights,LinearSVM,0.7014152114675627,0.03816338166651597
oilspill,c2_B_weights,RF,0.6964003305305878,0.043607407938866194
oilspill,c2_B_weights,XGB,0.7326537897370811,0.06244574327852631
oilspill,c3_C_threshold,DT,0.6680707930031643,0.06860216786027797
oilspill,c3_C_threshold,GNB,0.5495916541447963,0.059950257633797785
oilspill,c3_C_threshold,LGBM,0.7500824492410489,0.06033885734966671
oilspill,c3_C_threshold,LR,0.7272316577980138,0.06597213085064467
oilspill,c3_C_threshold,LinearSVM,0.7483263649401856,0.04744461688899061
oilspill,c3_C_threshold,RF,0.6992626841970514,0.06769324159665917
oilspill,c3_C_threshold,XGB,0.7396553536854729,0.04797656878297596
oilspill,c4_AB_smotetomek_weights,DT,0.668485298765823,0.0627988262883271
oilspill,c4_AB_smotetomek_weights,GNB,0.2007426795278354,0.04177580290200495
oilspill,c4_AB_smotetomek_weights,LGBM,0.7552244018112005,0.07119199288419506
oilspill,c4_AB_smotetomek_weights,LR,0.6754050808855022,0.0372918851541867
oilspill,c4_AB_smotetomek_weights,LinearSVM,0.6705954612169197,0.04828519151379734
oilspill,c4_AB_smotetomek_weights,RF,0.6144439760888435,0.04358153896869505
oilspill,c4_AB_smotetomek_weights,XGB,0.7225588660739215,0.039250654164505794
oilspill,c5_AC_smotetomek_threshold,DT,0.6480336974202409,0.0631958275236193
oilspill,c5_AC_smotetomek_threshold,GNB,0.5053250835693405,0.04112582405286277
oilspill,c5_AC_smotetomek_threshold,LGBM,0.7459415318411038,0.059366712059321036
oilspill,c5_AC_smotetomek_threshold,LR,0.727378328454967,0.03531427378564525
oilspill,c5_AC_smotetomek_threshold,LinearSVM,0.7423920270682133,0.04656306043301804
oilspill,c5_AC_smotetomek_threshold,RF,0.7252392126557071,0.029739984885560875
oilspill,c5_AC_smotetomek_threshold,XGB,0.7597843967577023,0.06197096465242236
oilspill,c6_BC_weights_threshold,DT,0.6845940782402582,0.043067507644800426
oilspill,c6_BC_weights_threshold,GNB,0.5334788025451906,0.04689991274603816
oilspill,c6_BC_weights_threshold,LGBM,0.7208751498446524,0.05267299119428419
oilspill,c6_BC_weights_threshold,LR,0.7416473445524325,0.04240950946348082
oilspill,c6_BC_weights_threshold,LinearSVM,0.7402840445093485,0.039277377384034064
oilspill,c6_BC_weights_threshold,RF,0.7236739364441306,0.04975103271511637
oilspill,c6_BC_weights_threshold,XGB,0.7285069545131297,0.052223404935381884
oilspill,c7_ABC_full,DT,0.6751172531632882,0.06641684241303283
oilspill,c7_ABC_full,GNB,0.5184498127846431,0.03439445196003302
oilspill,c7_ABC_full,LGBM,0.7545667719508808,0.07855130776802119
oilspill,c7_ABC_full,LR,0.7163849186960073,0.027551665793903515
oilspill,c7_ABC_full,LinearSVM,0.6841590792754232,0.07941773111801097
oilspill,c7_ABC_full,RF,0.6704255998259303,0.061594111174844486
oilspill,c7_ABC_full,XGB,0.7429225604419841,0.05931064064732441
oilspill,c8_A_Brecalc,DT,0.6552768669919169,0.06030169110741352
oilspill,c8_A_Brecalc,GNB,0.2477337805492743,0.05876197352135409
oilspill,c8_A_Brecalc,LGBM,0.742574835587012,0.06248610031048543
oilspill,c8_A_Brecalc,LR,0.7060919419778108,0.03598690856256212
oilspill,c8_A_Brecalc,LinearSVM,0.7031501018154283,0.030002028546762816
oilspill,c8_A_Brecalc,RF,0.7341151834650728,0.04185291187499368
oilspill,c8_A_Brecalc,XGB,0.7706859428180715,0.058557599730379495
smsspam,c0_none,DT,0.8905277030946385,0.006968995848992877
smsspam,c0_none,GNB,0.8311356912147655,0.0176168279695134
smsspam,c0_none,LGBM,0.9467984849003368,0.006642504629915573
smsspam,c0_none,LR,0.9512255823312854,0.007700529095222292
smsspam,c0_none,LinearSVM,0.9552503295311077,0.004383965671501778
smsspam,c0_none,RF,0.9040298649131628,0.015370384113154945
smsspam,c0_none,XGB,0.9468021947505234,0.00821917624525669
smsspam,c1_A_smotetomek,DT,0.8598916467039786,0.023984902236150102
smsspam,c1_A_smotetomek,GNB,0.6975008396331333,0.07603701356216228
smsspam,c1_A_smotetomek,LGBM,0.9442636839483102,0.0065154681022166995
smsspam,c1_A_smotetomek,LR,0.9494304331879085,0.008020753871204779
smsspam,c1_A_smotetomek,LinearSVM,0.9401326470697449,0.009974885792122894
smsspam,c1_A_smotetomek,RF,0.9276937968189849,0.00798990908627818
smsspam,c1_A_smotetomek,XGB,0.9392269592364126,0.006206862180504143
smsspam,c2_B_weights,DT,0.8824712239594985,0.014417009929961592
smsspam,c2_B_weights,GNB,0.8470366730570078,0.017484290306295412
smsspam,c2_B_weights,LGBM,0.946757149358274,0.007270538814817141
smsspam,c2_B_weights,LR,0.9527694899331053,0.0084504181435767
smsspam,c2_B_weights,LinearSVM,0.9438014651732842,0.00709974134324501
smsspam,c2_B_weights,RF,0.9325323301387545,0.005757785717183981
smsspam,c2_B_weights,XGB,0.9409225980880691,0.006282010364295164
smsspam,c3_C_threshold,DT,0.8875738534733495,0.007340630657595459
smsspam,c3_C_threshold,GNB,0.8608355582458407,0.015931809616411836
smsspam,c3_C_threshold,LGBM,0.9476277872204545,0.00730856637104054
smsspam,c3_C_threshold,LR,0.951675019816143,0.007456455891749315
smsspam,c3_C_threshold,LinearSVM,0.955282057563613,0.0050344314660692915
smsspam,c3_C_threshold,RF,0.9197907421308196,0.009481440400394057
smsspam,c3_C_threshold,XGB,0.9465041731631448,0.01009371168923301
smsspam,c4_AB_smotetomek_weights,DT,0.8523905345854834,0.012264760330655869
smsspam,c4_AB_smotetomek_weights,GNB,0.6596030001208316,0.07521213572376818
smsspam,c4_AB_smotetomek_weights,LGBM,0.9394676462245629,0.010032231989164045
smsspam,c4_AB_smotetomek_weights,LR,0.9084680667620855,0.018208507311811204
smsspam,c4_AB_smotetomek_weights,LinearSVM,0.9059886572480224,0.024185288222358717
smsspam,c4_AB_smotetomek_weights,RF,0.8652648626167055,0.01743452038691252
smsspam,c4_AB_smotetomek_weights,XGB,0.9261049237974943,0.007912593879032658
smsspam,c5_AC_smotetomek_threshold,DT,0.8680228309634547,0.017305034237238195
smsspam,c5_AC_smotetomek_threshold,GNB,0.7692966629376217,0.0696734882280633
smsspam,c5_AC_smotetomek_threshold,LGBM,0.9458076222995098,0.005607938864719027
smsspam,c5_AC_smotetomek_threshold,LR,0.9525891454726907,0.0057902776703780065
smsspam,c5_AC_smotetomek_threshold,LinearSVM,0.9516460251406113,0.005237525488490844
smsspam,c5_AC_smotetomek_threshold,RF,0.9283250641807209,0.008415218920849125
smsspam,c5_AC_smotetomek_threshold,XGB,0.9442852364779994,0.005874794434712345
smsspam,c6_BC_weights_threshold,DT,0.8881448329063923,0.012611382783459479
smsspam,c6_BC_weights_threshold,GNB,0.8601269364836204,0.015621021793858303
smsspam,c6_BC_weights_threshold,LGBM,0.9470251990561502,0.006962415821781161
smsspam,c6_BC_weights_threshold,LR,0.9535662182552052,0.006615091729837902
smsspam,c6_BC_weights_threshold,LinearSVM,0.9530238466216845,0.0069297176199467495
smsspam,c6_BC_weights_threshold,RF,0.9323059171608753,0.007895395667194055
smsspam,c6_BC_weights_threshold,XGB,0.9453821201176323,0.007773146359668336
smsspam,c7_ABC_full,DT,0.848586228083868,0.04158714386600572
smsspam,c7_ABC_full,GNB,0.7316065112394133,0.08786239153070435
smsspam,c7_ABC_full,LGBM,0.9475807363987363,0.0056465933266950374
smsspam,c7_ABC_full,LR,0.9366384384209836,0.013411200369991988
smsspam,c7_ABC_full,LinearSVM,0.9207151561980487,0.021071901481524966
smsspam,c7_ABC_full,RF,0.9018505349414575,0.011385094886820185
smsspam,c7_ABC_full,XGB,0.9465073485904165,0.006625908638350125
smsspam,c8_A_Brecalc,DT,0.8598916467039786,0.023984902236150102
smsspam,c8_A_Brecalc,GNB,0.6975008396331333,0.07603701356216228
smsspam,c8_A_Brecalc,LGBM,0.9442636839483102,0.0065154681022166995
smsspam,c8_A_Brecalc,LR,0.9494304331879085,0.008020753871204779
smsspam,c8_A_Brecalc,LinearSVM,0.9401326470697449,0.009974885792122894
smsspam,c8_A_Brecalc,RF,0.9276937968189849,0.00798990908627818
smsspam,c8_A_Brecalc,XGB,0.9392269592364126,0.006206862180504143
