dataset,config_id,mean,std
oilspill,c0_none,0.6505389941026187,0.05305936853739254
oilspill,c1_A_smotetomek,0.6517322322513587,0.03561233536397429
oilspill,c2_B_weights,0.6401721055596006,0.040351242383070765
oilspill,c3_C_threshold,0.6996263327769394,0.045161786442615946
oilspill,c4_AB_smotetomek_weights,0.6150429161336011,0.03318816034394825
oilspill,c5_AC_smotetomek_threshold,0.6949157604831605,0.035105003141598354
oilspill,c6_BC_weights_threshold,0.6953283530755197,0.031486279038122324
oilspill,c7_ABC_full,0.6802371315038912,0.044083061781669625
oilspill,c8_A_Brecalc,0.6517322322513587,0.03561233536397429
