dataset,config_id,mcc,pr_auc,roc_auc,balanced_acc,gmean,precision_1,recall_1
oilspill,c0_none,0.3722,0.4269,0.8566,0.6475,0.5459,0.5539,0.3849
oilspill,c1_A_smotetomek,0.3919,0.4369,0.8555,0.7178,0.6739,0.3996,0.5723
oilspill,c2_B_weights,0.3806,0.4246,0.8583,0.7161,0.6586,0.3885,0.5755
oilspill,c3_C_threshold,0.4139,0.4269,0.8566,0.7,0.6076,0.4885,0.4238
oilspill,c4_AB_smotetomek_weights,0.3453,0.4063,0.8318,0.7307,0.694,0.2939,0.6334
oilspill,c5_AC_smotetomek_threshold,0.4075,0.4369,0.8555,0.7141,0.6212,0.4409,0.4596
oilspill,c6_BC_weights_threshold,0.4164,0.4246,0.8583,0.7285,0.6548,0.4358,0.4948
oilspill,c7_ABC_full,0.3816,0.4063,0.8318,0.7117,0.615,0.4025,0.4564
oilspill,c8_A_Brecalc,0.3919,0.4369,0.8555,0.7178,0.6739,0.3996,0.5723
