dataset,config_id,rho_eff,ppr_ratio,precision_1,recall_1,macro_f1
oilspill,c0_none,0.046,0.701,0.602,0.331,0.689
oilspill,c1_A_smotetomek,1.0,1.546,0.347,0.575,0.706
oilspill,c2_B_weights,1.0,1.345,0.373,0.493,0.705
oilspill,c3_C_threshold,0.046,0.885,0.529,0.479,0.727
oilspill,c4_AB_smotetomek_weights,21.867,2.257,0.295,0.626,0.671
oilspill,c5_AC_smotetomek_threshold,1.0,1.196,0.468,0.541,0.736
oilspill,c6_BC_weights_threshold,1.0,1.315,0.468,0.472,0.721
oilspill,c7_ABC_full,21.867,1.318,0.356,0.485,0.684
oilspill,c8_A_Brecalc,1.0,1.546,0.347,0.575,0.706
